Image Filename,Left Pupil X,Left Pupil Y,Right Pupil X,Right Pupil Y,Gaze Direction
frame_0.png,,,,,Unknown
frame_1.png,,,,,Unknown
frame_2.png,286,541,532,539,Blinking
frame_3.png,272,538,534,539,Blinking
frame_4.png,287,538,545,540,Blinking
frame_5.png,276,536,544,542,Blinking
frame_6.png,277,536,541,541,Blinking
frame_7.png,277,538,548,543,Blinking
frame_8.png,280,539,549,543,Blinking
frame_9.png,283,540,552,543,Blinking
frame_10.png,288,540,550,545,Blinking
frame_11.png,306,539,555,543,Blinking
frame_12.png,309,538,581,537,Blinking
frame_13.png,297,533,580,537,Blinking
frame_14.png,294,534,583,531,Blinking
frame_15.png,294,532,580,533,Blinking
frame_16.png,339,537,574,533,Blinking
frame_17.png,283,531,571,530,Blinking
frame_18.png,279,531,566,529,Blinking
frame_19.png,274,531,565,523,Blinking
frame_20.png,367,546,554,550,Blinking
frame_21.png,259,530,551,521,Blinking
frame_22.png,,,,,Unknown
frame_23.png,,,,,Unknown
frame_24.png,,,,,Unknown
frame_25.png,,,,,Unknown
frame_26.png,,,,,Unknown
frame_27.png,,,,,Unknown
frame_28.png,,,,,Unknown
frame_29.png,,,,,Unknown
frame_30.png,,,,,Unknown
frame_31.png,,,,,Unknown
frame_32.png,,,,,Unknown
frame_33.png,,,,,Unknown
frame_34.png,,,,,Unknown
frame_35.png,,,,,Unknown
frame_36.png,,,,,Unknown
frame_37.png,,,,,Unknown
frame_38.png,,,,,Unknown
frame_39.png,,,,,Unknown
frame_40.png,,,,,Unknown
frame_41.png,,,,,Unknown
frame_42.png,,,,,Unknown
frame_43.png,,,,,Unknown
frame_44.png,,,,,Unknown
frame_45.png,,,,,Unknown
frame_46.png,,,,,Unknown
frame_47.png,,,,,Unknown
frame_48.png,,,,,Unknown
frame_49.png,,,,,Unknown
frame_50.png,,,,,Unknown
frame_51.png,,,,,Unknown
frame_52.png,,,,,Unknown
frame_53.png,,,,,Unknown
frame_54.png,,,,,Unknown
frame_55.png,,,,,Unknown
frame_56.png,,,,,Unknown
frame_57.png,,,,,Unknown
frame_58.png,,,,,Unknown
frame_59.png,,,,,Unknown
frame_60.png,,,,,Unknown
frame_61.png,,,,,Unknown
frame_62.png,,,,,Unknown
frame_63.png,,,,,Unknown
frame_64.png,,,,,Unknown
frame_65.png,,,,,Unknown
frame_66.png,,,,,Unknown
frame_67.png,,,,,Unknown
frame_68.png,,,,,Unknown
frame_69.png,,,,,Unknown
frame_70.png,,,,,Unknown
frame_71.png,,,,,Unknown
frame_72.png,,,,,Unknown
frame_73.png,,,,,Unknown
frame_74.png,,,,,Unknown
frame_75.png,,,,,Unknown
frame_76.png,,,,,Unknown
frame_77.png,,,,,Unknown
frame_78.png,,,,,Unknown
frame_79.png,,,,,Unknown
frame_80.png,,,,,Unknown
frame_81.png,,,,,Unknown
frame_82.png,,,,,Unknown
frame_83.png,,,,,Unknown
frame_84.png,,,,,Unknown
frame_85.png,,,,,Unknown
frame_86.png,,,,,Unknown
frame_87.png,,,,,Unknown
frame_88.png,,,,,Unknown
frame_89.png,,,,,Unknown
frame_90.png,,,,,Unknown
frame_91.png,,,,,Unknown
frame_92.png,,,,,Unknown
frame_93.png,,,,,Unknown
frame_94.png,,,,,Unknown
frame_95.png,,,,,Unknown
frame_96.png,,,,,Unknown
frame_97.png,,,,,Unknown
frame_98.png,,,,,Unknown
frame_99.png,,,,,Unknown
frame_100.png,,,,,Unknown
frame_101.png,,,,,Unknown
frame_102.png,,,,,Unknown
frame_103.png,,,,,Unknown
frame_104.png,,,,,Unknown
frame_105.png,,,,,Unknown
frame_106.png,,,,,Unknown
frame_107.png,,,,,Unknown
frame_108.png,,,,,Unknown
frame_109.png,,,,,Unknown
frame_110.png,,,,,Unknown
frame_111.png,,,,,Unknown
frame_112.png,,,,,Unknown
frame_113.png,,,,,Unknown
frame_114.png,,,,,Unknown
frame_115.png,,,,,Unknown
frame_116.png,,,,,Unknown
frame_117.png,,,,,Unknown
frame_118.png,,,,,Unknown
frame_119.png,,,,,Unknown
frame_120.png,,,,,Unknown
frame_121.png,,,,,Unknown
frame_122.png,,,,,Unknown
frame_123.png,,,,,Unknown
frame_124.png,,,,,Unknown
frame_125.png,,,,,Unknown
frame_126.png,,,,,Unknown
frame_127.png,,,,,Unknown
frame_128.png,,,,,Unknown
frame_129.png,,,,,Unknown
frame_130.png,,,,,Unknown
frame_131.png,,,,,Unknown
frame_132.png,,,,,Unknown
frame_133.png,,,,,Unknown
frame_134.png,,,,,Unknown
frame_135.png,,,,,Unknown
frame_136.png,,,,,Unknown
frame_137.png,,,,,Unknown
frame_138.png,,,,,Unknown
frame_139.png,,,,,Unknown
frame_140.png,,,,,Unknown
frame_141.png,,,,,Unknown
frame_142.png,,,,,Unknown
frame_143.png,,,,,Unknown
frame_144.png,,,,,Unknown
frame_145.png,,,,,Unknown
frame_146.png,,,,,Unknown
frame_147.png,,,,,Unknown
frame_148.png,,,,,Unknown
frame_149.png,,,,,Unknown
frame_150.png,,,,,Unknown
frame_151.png,,,,,Unknown
frame_152.png,,,,,Unknown
frame_153.png,,,,,Unknown
frame_154.png,,,,,Unknown
frame_155.png,,,,,Unknown
frame_156.png,,,,,Unknown
frame_157.png,,,,,Unknown
frame_158.png,,,,,Unknown
frame_159.png,,,,,Unknown
frame_160.png,,,,,Unknown
frame_161.png,,,,,Unknown
frame_162.png,,,,,Unknown
frame_163.png,,,,,Unknown
frame_164.png,,,,,Unknown
frame_165.png,,,,,Unknown
frame_166.png,,,,,Unknown
frame_167.png,,,,,Unknown
frame_168.png,,,,,Unknown
frame_169.png,,,,,Unknown
frame_170.png,,,,,Unknown
frame_171.png,,,,,Unknown
frame_172.png,,,,,Unknown
frame_173.png,,,,,Unknown
frame_174.png,,,,,Unknown
frame_175.png,,,,,Unknown
frame_176.png,,,,,Unknown
frame_177.png,,,,,Unknown
frame_178.png,,,,,Unknown
frame_179.png,,,,,Unknown
frame_180.png,,,,,Unknown
frame_181.png,,,,,Unknown
frame_182.png,,,,,Unknown
frame_183.png,,,,,Unknown
frame_184.png,,,,,Unknown
frame_185.png,,,,,Unknown
frame_186.png,,,,,Unknown
frame_187.png,,,,,Unknown
frame_188.png,,,,,Unknown
frame_189.png,,,,,Unknown
frame_190.png,,,,,Unknown
frame_191.png,,,,,Unknown
frame_192.png,,,,,Unknown
frame_193.png,,,,,Unknown
frame_194.png,,,,,Unknown
frame_195.png,,,,,Unknown
frame_196.png,,,,,Unknown
frame_197.png,,,,,Unknown
frame_198.png,,,,,Unknown
frame_199.png,,,,,Unknown
frame_200.png,,,,,Unknown
frame_201.png,,,,,Unknown
frame_202.png,,,,,Unknown
frame_203.png,,,,,Unknown
frame_204.png,,,,,Unknown
frame_205.png,,,,,Unknown
frame_206.png,,,,,Unknown
frame_207.png,,,,,Unknown
frame_208.png,,,,,Unknown
frame_209.png,,,,,Unknown
frame_210.png,,,,,Unknown
frame_211.png,,,,,Unknown
frame_212.png,,,,,Unknown
frame_213.png,,,,,Unknown
frame_214.png,,,,,Unknown
frame_215.png,,,,,Unknown
frame_216.png,,,,,Unknown
frame_217.png,,,,,Unknown
frame_218.png,,,,,Unknown
frame_219.png,,,,,Unknown
frame_220.png,,,,,Unknown
frame_221.png,,,,,Unknown
frame_222.png,,,,,Unknown
frame_223.png,,,,,Unknown
frame_224.png,,,,,Unknown
frame_225.png,,,,,Unknown
frame_226.png,,,,,Unknown
frame_227.png,,,,,Unknown
frame_228.png,,,,,Unknown
frame_229.png,,,,,Unknown
frame_230.png,,,,,Unknown
frame_231.png,,,,,Unknown
frame_232.png,,,,,Unknown
frame_233.png,,,,,Unknown
frame_234.png,,,,,Unknown
frame_235.png,,,,,Unknown
frame_236.png,,,,,Unknown
frame_237.png,,,,,Unknown
frame_238.png,,,,,Unknown
frame_239.png,,,,,Unknown
frame_240.png,,,,,Unknown
frame_241.png,,,,,Unknown
frame_242.png,,,,,Unknown
frame_243.png,,,,,Unknown
frame_244.png,,,,,Unknown
frame_245.png,,,,,Unknown
frame_246.png,,,,,Unknown
frame_247.png,,,,,Unknown
frame_248.png,,,,,Unknown
frame_249.png,,,,,Unknown
frame_250.png,,,,,Unknown
frame_251.png,,,,,Unknown
frame_252.png,,,,,Unknown
frame_253.png,,,,,Unknown
frame_254.png,,,,,Unknown
frame_255.png,,,,,Unknown
frame_256.png,,,,,Unknown
frame_257.png,,,,,Unknown
frame_258.png,,,,,Unknown
frame_259.png,,,,,Unknown
frame_260.png,,,,,Unknown
frame_261.png,,,,,Unknown
frame_262.png,,,,,Unknown
frame_263.png,,,,,Unknown
frame_264.png,,,,,Unknown
frame_265.png,,,,,Unknown
frame_266.png,,,,,Unknown
frame_267.png,,,,,Unknown
frame_268.png,,,,,Unknown
frame_269.png,,,,,Unknown
frame_270.png,,,,,Unknown
frame_271.png,,,,,Unknown
frame_272.png,,,,,Unknown
frame_273.png,,,,,Unknown
frame_274.png,,,,,Unknown
frame_275.png,,,,,Unknown
frame_276.png,,,,,Unknown
frame_277.png,,,,,Unknown
frame_278.png,,,,,Unknown
frame_279.png,,,,,Unknown
frame_280.png,,,,,Unknown
frame_281.png,,,,,Unknown
frame_282.png,,,,,Unknown
frame_283.png,,,,,Unknown
frame_284.png,,,,,Unknown
frame_285.png,,,,,Unknown
frame_286.png,,,,,Unknown
frame_287.png,,,,,Unknown
frame_288.png,,,,,Unknown
frame_289.png,,,,,Unknown
frame_290.png,,,,,Unknown
frame_291.png,,,,,Unknown
frame_292.png,,,,,Unknown
frame_293.png,,,,,Unknown
frame_294.png,,,,,Unknown
frame_295.png,,,,,Unknown
frame_296.png,,,,,Unknown
frame_297.png,,,,,Unknown
frame_298.png,,,,,Unknown
frame_299.png,,,,,Unknown
frame_300.png,,,,,Unknown
frame_301.png,,,,,Unknown
frame_302.png,,,,,Unknown
frame_303.png,,,,,Unknown
frame_304.png,,,,,Unknown
frame_305.png,,,,,Unknown
frame_306.png,,,,,Unknown
frame_307.png,,,,,Unknown
frame_308.png,,,,,Unknown
frame_309.png,,,,,Unknown
frame_310.png,,,,,Unknown
frame_311.png,,,,,Unknown
frame_312.png,,,,,Unknown
frame_313.png,,,,,Unknown
frame_314.png,,,,,Unknown
frame_315.png,,,,,Unknown
frame_316.png,,,,,Unknown
frame_317.png,,,,,Unknown
frame_318.png,,,,,Unknown
frame_319.png,,,,,Unknown
frame_320.png,,,,,Unknown
frame_321.png,,,,,Unknown
frame_322.png,,,,,Unknown
frame_323.png,,,,,Unknown
frame_324.png,,,,,Unknown
frame_325.png,,,,,Unknown
frame_326.png,,,,,Unknown
frame_327.png,,,,,Unknown
frame_328.png,,,,,Unknown
frame_329.png,,,,,Unknown
frame_330.png,,,,,Unknown
frame_331.png,,,,,Unknown
frame_332.png,,,,,Unknown
frame_333.png,,,,,Unknown
frame_334.png,,,,,Unknown
frame_335.png,,,,,Unknown
frame_336.png,,,,,Unknown
frame_337.png,,,,,Unknown
frame_338.png,,,,,Unknown
frame_339.png,,,,,Unknown
frame_340.png,,,,,Unknown
frame_341.png,,,,,Unknown
frame_342.png,,,,,Unknown
frame_343.png,,,,,Unknown
frame_344.png,,,,,Unknown
frame_345.png,,,,,Unknown
frame_346.png,,,,,Unknown
frame_347.png,,,,,Unknown
frame_348.png,,,,,Unknown
frame_349.png,,,,,Unknown
frame_350.png,,,,,Unknown
frame_351.png,,,,,Unknown
frame_352.png,,,,,Unknown
frame_353.png,,,,,Unknown
frame_354.png,,,,,Unknown
frame_355.png,,,,,Unknown
frame_356.png,,,,,Unknown
frame_357.png,,,,,Unknown
frame_358.png,,,,,Unknown
frame_359.png,,,,,Unknown
frame_360.png,,,,,Unknown
frame_361.png,,,,,Unknown
frame_362.png,,,,,Unknown
frame_363.png,,,,,Unknown
frame_364.png,,,,,Unknown
frame_365.png,,,,,Unknown
frame_366.png,,,,,Unknown
frame_367.png,,,,,Unknown
frame_368.png,,,,,Unknown
frame_369.png,,,,,Unknown
frame_370.png,,,,,Unknown
frame_371.png,,,,,Unknown
frame_372.png,,,,,Unknown
frame_373.png,,,,,Unknown
frame_374.png,,,,,Unknown
frame_375.png,,,,,Unknown
frame_376.png,,,,,Unknown
frame_377.png,,,,,Unknown
frame_378.png,,,,,Unknown
frame_379.png,,,,,Unknown
frame_380.png,,,,,Unknown
frame_381.png,,,,,Unknown
frame_382.png,,,,,Unknown
frame_383.png,,,,,Unknown
frame_384.png,,,,,Unknown
frame_385.png,,,,,Unknown
frame_386.png,,,,,Unknown
frame_387.png,,,,,Unknown
frame_388.png,,,,,Unknown
frame_389.png,,,,,Unknown
frame_390.png,,,,,Unknown
frame_391.png,,,,,Unknown
frame_392.png,,,,,Unknown
frame_393.png,,,,,Unknown
frame_394.png,,,,,Unknown
frame_395.png,,,,,Unknown
frame_396.png,,,,,Unknown
frame_397.png,,,,,Unknown
frame_398.png,,,,,Unknown
frame_399.png,,,,,Unknown
frame_400.png,,,,,Unknown
frame_401.png,,,,,Unknown
frame_402.png,,,,,Unknown
frame_403.png,,,,,Unknown
frame_404.png,,,,,Unknown
frame_405.png,,,,,Unknown
frame_406.png,,,,,Unknown
frame_407.png,,,,,Unknown
frame_408.png,,,,,Unknown
frame_409.png,,,,,Unknown
frame_410.png,,,,,Unknown
frame_411.png,,,,,Unknown
frame_412.png,,,,,Unknown
frame_413.png,,,,,Unknown
frame_414.png,,,,,Unknown
frame_415.png,168,525,439,501,Center
frame_416.png,168,525,439,500,Center
frame_417.png,167,525,439,500,Center
frame_418.png,166,525,434,502,Center
frame_419.png,166,526,409,503,Blinking
frame_420.png,,,,,Unknown
frame_421.png,,,,,Unknown
frame_422.png,,,,,Unknown
frame_423.png,,,,,Unknown
frame_424.png,,,,,Unknown
frame_425.png,,,,,Unknown
frame_426.png,,,,,Unknown
frame_427.png,,,,,Unknown
frame_428.png,,,,,Unknown
frame_429.png,,,,,Unknown
frame_430.png,,,,,Unknown
frame_431.png,,,,,Unknown
frame_432.png,,,,,Unknown
frame_433.png,,,,,Unknown
frame_434.png,,,,,Unknown
frame_435.png,,,,,Unknown
frame_436.png,,,,,Unknown
frame_437.png,,,,,Unknown
frame_438.png,,,,,Unknown
frame_439.png,,,,,Unknown
frame_440.png,,,,,Unknown
frame_441.png,,,,,Unknown
frame_442.png,,,,,Unknown
frame_443.png,,,,,Unknown
frame_444.png,,,,,Unknown
frame_445.png,,,,,Unknown
frame_446.png,,,,,Unknown
frame_447.png,,,,,Unknown
frame_448.png,,,,,Unknown
frame_449.png,,,,,Unknown
frame_450.png,,,,,Unknown
frame_451.png,,,,,Unknown
frame_452.png,,,,,Unknown
frame_453.png,,,,,Unknown
frame_454.png,,,,,Unknown
frame_455.png,,,,,Unknown
frame_456.png,,,,,Unknown
frame_457.png,,,,,Unknown
frame_458.png,,,,,Unknown
frame_459.png,,,,,Unknown
frame_460.png,,,,,Unknown
frame_461.png,,,,,Unknown
frame_462.png,,,,,Unknown
frame_463.png,,,,,Unknown
frame_464.png,,,,,Unknown
frame_465.png,,,,,Unknown
frame_466.png,,,,,Unknown
frame_467.png,,,,,Unknown
frame_468.png,,,,,Unknown
frame_469.png,,,,,Unknown
frame_470.png,,,,,Unknown
frame_471.png,,,,,Unknown
frame_472.png,,,,,Unknown
frame_473.png,,,,,Unknown
frame_474.png,,,,,Unknown
frame_475.png,,,,,Unknown
frame_476.png,,,,,Unknown
frame_477.png,,,,,Unknown
frame_478.png,,,,,Unknown
frame_479.png,,,,,Unknown
frame_480.png,,,,,Unknown
frame_481.png,,,,,Unknown
frame_482.png,,,,,Unknown
frame_483.png,,,,,Unknown
frame_484.png,,,,,Unknown
frame_485.png,,,,,Unknown
frame_486.png,,,,,Unknown
frame_487.png,,,,,Unknown
frame_488.png,,,,,Unknown
frame_489.png,,,,,Unknown
frame_490.png,,,,,Unknown
frame_491.png,,,,,Unknown
frame_492.png,,,,,Unknown
frame_493.png,,,,,Unknown
frame_494.png,,,,,Unknown
frame_495.png,,,,,Unknown
frame_496.png,,,,,Unknown
frame_497.png,,,,,Unknown
frame_498.png,,,,,Unknown
frame_499.png,,,,,Unknown
frame_500.png,,,,,Unknown
frame_501.png,,,,,Unknown
frame_502.png,,,,,Unknown
frame_503.png,,,,,Unknown
frame_504.png,,,,,Unknown
frame_505.png,,,,,Unknown
frame_506.png,,,,,Unknown
frame_507.png,,,,,Unknown
frame_508.png,,,,,Unknown
frame_509.png,,,,,Unknown
frame_510.png,,,,,Unknown
frame_511.png,,,,,Unknown
frame_512.png,,,,,Unknown
frame_513.png,,,,,Unknown
frame_514.png,,,,,Unknown
frame_515.png,,,,,Unknown
frame_516.png,,,,,Unknown
frame_517.png,,,,,Unknown
frame_518.png,,,,,Unknown
frame_519.png,,,,,Unknown
frame_520.png,,,,,Unknown
frame_521.png,,,,,Unknown
frame_522.png,,,,,Unknown
frame_523.png,,,,,Unknown
frame_524.png,,,,,Unknown
frame_525.png,,,,,Unknown
frame_526.png,,,,,Unknown
frame_527.png,,,,,Unknown
frame_528.png,,,,,Unknown
frame_529.png,,,,,Unknown
frame_530.png,,,,,Unknown
frame_531.png,,,,,Unknown
frame_532.png,,,,,Unknown
frame_533.png,,,,,Unknown
frame_534.png,,,,,Unknown
frame_535.png,,,,,Unknown
frame_536.png,,,,,Unknown
frame_537.png,,,,,Unknown
frame_538.png,,,,,Unknown
frame_539.png,,,,,Unknown
frame_540.png,,,,,Unknown
frame_541.png,,,,,Unknown
frame_542.png,,,,,Unknown
frame_543.png,,,,,Unknown
frame_544.png,,,,,Unknown
frame_545.png,,,,,Unknown
frame_546.png,,,,,Unknown
frame_547.png,,,,,Unknown
frame_548.png,,,,,Unknown
frame_549.png,,,,,Unknown
frame_550.png,,,,,Unknown
frame_551.png,,,,,Unknown
frame_552.png,,,,,Unknown
frame_553.png,,,,,Unknown
frame_554.png,,,,,Unknown
frame_555.png,,,,,Unknown
frame_556.png,,,,,Unknown
frame_557.png,,,,,Unknown
frame_558.png,,,,,Unknown
frame_559.png,,,,,Unknown
frame_560.png,,,,,Unknown
frame_561.png,,,,,Unknown
frame_562.png,,,,,Unknown
frame_563.png,,,,,Unknown
frame_564.png,,,,,Unknown
frame_565.png,,,,,Unknown
frame_566.png,,,,,Unknown
frame_567.png,,,,,Unknown
frame_568.png,,,,,Unknown
frame_569.png,,,,,Unknown
frame_570.png,,,,,Unknown
frame_571.png,,,,,Unknown
frame_572.png,,,,,Unknown
frame_573.png,,,,,Unknown
frame_574.png,,,,,Unknown
frame_575.png,,,,,Unknown
frame_576.png,,,,,Unknown
frame_577.png,,,,,Unknown
frame_578.png,,,,,Unknown
frame_579.png,,,,,Unknown
frame_580.png,,,,,Unknown
frame_581.png,,,,,Unknown
frame_582.png,,,,,Unknown
frame_583.png,,,,,Unknown
frame_584.png,,,,,Unknown
frame_585.png,,,,,Unknown
frame_586.png,,,,,Unknown
frame_587.png,,,,,Unknown
frame_588.png,,,,,Unknown
frame_589.png,,,,,Unknown
frame_590.png,,,,,Unknown
frame_591.png,,,,,Unknown
frame_592.png,,,,,Unknown
frame_593.png,,,,,Unknown
frame_594.png,,,,,Unknown
frame_595.png,,,,,Unknown
frame_596.png,,,,,Unknown
frame_597.png,,,,,Unknown
frame_598.png,,,,,Unknown
frame_599.png,,,,,Unknown
frame_600.png,,,,,Unknown
frame_601.png,,,,,Unknown
frame_602.png,,,,,Unknown
frame_603.png,,,,,Unknown
frame_604.png,,,,,Unknown
frame_605.png,,,,,Unknown
frame_606.png,,,,,Unknown
frame_607.png,,,,,Unknown
frame_608.png,,,,,Unknown
frame_609.png,,,,,Unknown
frame_610.png,,,,,Unknown
frame_611.png,,,,,Unknown
frame_612.png,,,,,Unknown
frame_613.png,,,,,Unknown
frame_614.png,,,,,Unknown
frame_615.png,,,,,Unknown
frame_616.png,,,,,Unknown
frame_617.png,,,,,Unknown
frame_618.png,,,,,Unknown
frame_619.png,,,,,Unknown
frame_620.png,,,,,Unknown
frame_621.png,,,,,Unknown
frame_622.png,,,,,Unknown
frame_623.png,,,,,Unknown
frame_624.png,,,,,Unknown
frame_625.png,,,,,Unknown
frame_626.png,,,,,Unknown
frame_627.png,,,,,Unknown
frame_628.png,,,,,Unknown
frame_629.png,,,,,Unknown
frame_630.png,,,,,Unknown
frame_631.png,,,,,Unknown
frame_632.png,,,,,Unknown
frame_633.png,,,,,Unknown
frame_634.png,,,,,Unknown
frame_635.png,,,,,Unknown
frame_636.png,,,,,Unknown
frame_637.png,,,,,Unknown
frame_638.png,,,,,Unknown
frame_639.png,,,,,Unknown
frame_640.png,,,,,Unknown
frame_641.png,,,,,Unknown
frame_642.png,,,,,Unknown
frame_643.png,,,,,Unknown
frame_644.png,,,,,Unknown
frame_645.png,,,,,Unknown
frame_646.png,,,,,Unknown
frame_647.png,,,,,Unknown
frame_648.png,,,,,Unknown
frame_649.png,,,,,Unknown
frame_650.png,,,,,Unknown
frame_651.png,,,,,Unknown
frame_652.png,,,,,Unknown
frame_653.png,,,,,Unknown
frame_654.png,,,,,Unknown
frame_655.png,393,505,613,541,Left
frame_656.png,393,507,610,543,Left
frame_657.png,339,465,604,542,Center
frame_658.png,336,463,599,541,Center
frame_659.png,333,469,601,544,Center
frame_660.png,348,482,600,546,Center
frame_661.png,329,470,597,543,Center
frame_662.png,324,467,595,540,Center
frame_663.png,334,469,595,540,Center
frame_664.png,328,471,604,545,Center
frame_665.png,,,,,Unknown
frame_666.png,,,,,Unknown
frame_667.png,,,,,Unknown
frame_668.png,319,471,597,545,Center
frame_669.png,,,,,Unknown
frame_670.png,,,,,Unknown
frame_671.png,,,,,Unknown
frame_672.png,,,,,Unknown
frame_673.png,,,,,Unknown
frame_674.png,,,,,Unknown
frame_675.png,,,,,Unknown
frame_676.png,,,,,Unknown
frame_677.png,,,,,Unknown
frame_678.png,,,,,Unknown
frame_679.png,,,,,Unknown
frame_680.png,,,,,Unknown
frame_681.png,,,,,Unknown
frame_682.png,,,,,Unknown
frame_683.png,,,,,Unknown
frame_684.png,,,,,Unknown
frame_685.png,,,,,Unknown
frame_686.png,,,,,Unknown
frame_687.png,,,,,Unknown
frame_688.png,,,,,Unknown
frame_689.png,,,,,Unknown
frame_690.png,,,,,Unknown
frame_691.png,,,,,Unknown
frame_692.png,,,,,Unknown
frame_693.png,,,,,Unknown
frame_694.png,,,,,Unknown
frame_695.png,,,,,Unknown
frame_696.png,,,,,Unknown
frame_697.png,,,,,Unknown
frame_698.png,,,,,Unknown
frame_699.png,,,,,Unknown
frame_700.png,,,,,Unknown
frame_701.png,,,,,Unknown
frame_702.png,,,,,Unknown
frame_703.png,,,,,Unknown
frame_704.png,,,,,Unknown
frame_705.png,,,,,Unknown
frame_706.png,,,,,Unknown
frame_707.png,,,,,Unknown
frame_708.png,,,,,Unknown
frame_709.png,,,,,Unknown
frame_710.png,,,,,Unknown
frame_711.png,,,,,Unknown
frame_712.png,,,,,Unknown
frame_713.png,,,,,Unknown
frame_714.png,,,,,Unknown
frame_715.png,,,,,Unknown
frame_716.png,,,,,Unknown
frame_717.png,,,,,Unknown
frame_718.png,,,,,Unknown
frame_719.png,,,,,Unknown
frame_720.png,,,,,Unknown
frame_721.png,,,,,Unknown
frame_722.png,,,,,Unknown
frame_723.png,,,,,Unknown
frame_724.png,,,,,Unknown
frame_725.png,,,,,Unknown
frame_726.png,,,,,Unknown
frame_727.png,,,,,Unknown
frame_728.png,,,,,Unknown
frame_729.png,,,,,Unknown
frame_730.png,,,,,Unknown
frame_731.png,,,,,Unknown
frame_732.png,,,,,Unknown
frame_733.png,,,,,Unknown
frame_734.png,,,,,Unknown
frame_735.png,,,,,Unknown
frame_736.png,,,,,Unknown
frame_737.png,,,,,Unknown
frame_738.png,,,,,Unknown
frame_739.png,,,,,Unknown
frame_740.png,,,,,Unknown
frame_741.png,,,,,Unknown
frame_742.png,,,,,Unknown
frame_743.png,,,,,Unknown
frame_744.png,,,,,Unknown
frame_745.png,,,,,Unknown
frame_746.png,,,,,Unknown
frame_747.png,,,,,Unknown
frame_748.png,,,,,Unknown
frame_749.png,,,,,Unknown
frame_750.png,,,,,Unknown
frame_751.png,,,,,Unknown
frame_752.png,,,,,Unknown
frame_753.png,,,,,Unknown
frame_754.png,,,,,Unknown
frame_755.png,141,513,394,504,Center
frame_756.png,,,,,Unknown
frame_757.png,,,,,Unknown
frame_758.png,,,,,Unknown
frame_759.png,,,,,Unknown
frame_760.png,,,,,Unknown
frame_761.png,,,,,Unknown
frame_762.png,,,,,Unknown
frame_763.png,,,,,Unknown
frame_764.png,,,,,Unknown
frame_765.png,,,,,Unknown
frame_766.png,,,,,Unknown
frame_767.png,,,,,Unknown
frame_768.png,,,,,Unknown
frame_769.png,,,,,Unknown
frame_770.png,,,,,Unknown
frame_771.png,,,,,Unknown
frame_772.png,,,,,Unknown
frame_773.png,,,,,Unknown
frame_774.png,,,,,Unknown
frame_775.png,,,,,Unknown
frame_776.png,,,,,Unknown
frame_777.png,,,,,Unknown
frame_778.png,,,,,Unknown
frame_779.png,,,,,Unknown
frame_780.png,,,,,Unknown
frame_781.png,,,,,Unknown
frame_782.png,,,,,Unknown
frame_783.png,,,,,Unknown
frame_784.png,,,,,Unknown
frame_785.png,,,,,Unknown
frame_786.png,,,,,Unknown
frame_787.png,,,,,Unknown
frame_788.png,,,,,Unknown
frame_789.png,,,,,Unknown
frame_790.png,,,,,Unknown
frame_791.png,,,,,Unknown
frame_792.png,,,,,Unknown
frame_793.png,,,,,Unknown
frame_794.png,,,,,Unknown
frame_795.png,,,,,Unknown
frame_796.png,,,,,Unknown
frame_797.png,,,,,Unknown
frame_798.png,,,,,Unknown
frame_799.png,,,,,Unknown
frame_800.png,,,,,Unknown
frame_801.png,,,,,Unknown
frame_802.png,,,,,Unknown
frame_803.png,,,,,Unknown
frame_804.png,,,,,Unknown
frame_805.png,,,,,Unknown
frame_806.png,,,,,Unknown
frame_807.png,,,,,Unknown
frame_808.png,,,,,Unknown
frame_809.png,,,,,Unknown
frame_810.png,,,,,Unknown
frame_811.png,,,,,Unknown
frame_812.png,,,,,Unknown
frame_813.png,,,,,Unknown
frame_814.png,,,,,Unknown
frame_815.png,,,,,Unknown
frame_816.png,,,,,Unknown
frame_817.png,,,,,Unknown
frame_818.png,,,,,Unknown
frame_819.png,,,,,Unknown
frame_820.png,,,,,Unknown
frame_821.png,,,,,Unknown
frame_822.png,,,,,Unknown
frame_823.png,,,,,Unknown
frame_824.png,,,,,Unknown
frame_825.png,,,,,Unknown
frame_826.png,,,,,Unknown
frame_827.png,,,,,Unknown
frame_828.png,,,,,Unknown
frame_829.png,,,,,Unknown
frame_830.png,,,,,Unknown
frame_831.png,,,,,Unknown
frame_832.png,,,,,Unknown
frame_833.png,,,,,Unknown
frame_834.png,,,,,Unknown
frame_835.png,,,,,Unknown
frame_836.png,,,,,Unknown
frame_837.png,,,,,Unknown
frame_838.png,,,,,Unknown
frame_839.png,,,,,Unknown
frame_840.png,,,,,Unknown
frame_841.png,,,,,Unknown
frame_842.png,,,,,Unknown
frame_843.png,,,,,Unknown
frame_844.png,,,,,Unknown
frame_845.png,,,,,Unknown
frame_846.png,,,,,Unknown
frame_847.png,,,,,Unknown
frame_848.png,,,,,Unknown
frame_849.png,,,,,Unknown
frame_850.png,,,,,Unknown
frame_851.png,,,,,Unknown
frame_852.png,,,,,Unknown
frame_853.png,,,,,Unknown
frame_854.png,,,,,Unknown
frame_855.png,,,,,Unknown
frame_856.png,,,,,Unknown
frame_857.png,,,,,Unknown
frame_858.png,64,515,294,473,Center
frame_859.png,,,,,Unknown
frame_860.png,,,,,Unknown
frame_861.png,,,,,Unknown
frame_862.png,,,,,Unknown
frame_863.png,,,,,Unknown
frame_864.png,,,,,Unknown
frame_865.png,,,,,Unknown
frame_866.png,,,,,Unknown
frame_867.png,,,,,Unknown
frame_868.png,,,,,Unknown
frame_869.png,,,,,Unknown
frame_870.png,,,,,Unknown
frame_871.png,,,,,Unknown
frame_872.png,,,,,Unknown
frame_873.png,,,,,Unknown
frame_874.png,,,,,Unknown
frame_875.png,,,,,Unknown
frame_876.png,,,,,Unknown
frame_877.png,,,,,Unknown
frame_878.png,,,,,Unknown
frame_879.png,,,,,Unknown
frame_880.png,,,,,Unknown
frame_881.png,,,,,Unknown
frame_882.png,,,,,Unknown
frame_883.png,,,,,Unknown
frame_884.png,,,,,Unknown
frame_885.png,,,,,Unknown
frame_886.png,,,,,Unknown
frame_887.png,,,,,Unknown
frame_888.png,,,,,Unknown
frame_889.png,,,,,Unknown
frame_890.png,,,,,Unknown
frame_891.png,,,,,Unknown
frame_892.png,,,,,Unknown
frame_893.png,,,,,Unknown
frame_894.png,,,,,Unknown
frame_895.png,,,,,Unknown
frame_896.png,,,,,Unknown
frame_897.png,,,,,Unknown
frame_898.png,,,,,Unknown
frame_899.png,,,,,Unknown
frame_900.png,,,,,Unknown
frame_901.png,,,,,Unknown
frame_902.png,,,,,Unknown
frame_903.png,,,,,Unknown
frame_904.png,,,,,Unknown
frame_905.png,,,,,Unknown
frame_906.png,,,,,Unknown
frame_907.png,,,,,Unknown
frame_908.png,,,,,Unknown
frame_909.png,,,,,Unknown
frame_910.png,,,,,Unknown
frame_911.png,,,,,Unknown
frame_912.png,,,,,Unknown
frame_913.png,,,,,Unknown
frame_914.png,,,,,Unknown
frame_915.png,,,,,Unknown
frame_916.png,,,,,Unknown
frame_917.png,,,,,Unknown
frame_918.png,,,,,Unknown
frame_919.png,,,,,Unknown
frame_920.png,,,,,Unknown
frame_921.png,,,,,Unknown
frame_922.png,,,,,Unknown
frame_923.png,,,,,Unknown
frame_924.png,,,,,Unknown
frame_925.png,,,,,Unknown
frame_926.png,,,,,Unknown
frame_927.png,,,,,Unknown
frame_928.png,,,,,Unknown
frame_929.png,,,,,Unknown
frame_930.png,,,,,Unknown
frame_931.png,,,,,Unknown
frame_932.png,,,,,Unknown
frame_933.png,,,,,Unknown
frame_934.png,,,,,Unknown
frame_935.png,,,,,Unknown
frame_936.png,,,,,Unknown
frame_937.png,,,,,Unknown
frame_938.png,,,,,Unknown
frame_939.png,,,,,Unknown
frame_940.png,,,,,Unknown
frame_941.png,,,,,Unknown
frame_942.png,,,,,Unknown
frame_943.png,,,,,Unknown
frame_944.png,,,,,Unknown
frame_945.png,,,,,Unknown
frame_946.png,,,,,Unknown
frame_947.png,,,,,Unknown
frame_948.png,,,,,Unknown
frame_949.png,,,,,Unknown
frame_950.png,,,,,Unknown
frame_951.png,,,,,Unknown
frame_952.png,,,,,Unknown
frame_953.png,,,,,Unknown
frame_954.png,,,,,Unknown
frame_955.png,,,,,Unknown
frame_956.png,,,,,Unknown
frame_957.png,,,,,Unknown
frame_958.png,,,,,Unknown
frame_959.png,,,,,Unknown
frame_960.png,,,,,Unknown
frame_961.png,,,,,Unknown
frame_962.png,,,,,Unknown
frame_963.png,,,,,Unknown
frame_964.png,,,,,Unknown
frame_965.png,,,,,Unknown
frame_966.png,,,,,Unknown
frame_967.png,,,,,Unknown
frame_968.png,,,,,Unknown
frame_969.png,,,,,Unknown
frame_970.png,,,,,Unknown
frame_971.png,,,,,Unknown
frame_972.png,,,,,Unknown
frame_973.png,,,,,Unknown
frame_974.png,,,,,Unknown
frame_975.png,,,,,Unknown
frame_976.png,,,,,Unknown
frame_977.png,,,,,Unknown
frame_978.png,,,,,Unknown
frame_979.png,,,,,Unknown
frame_980.png,,,,,Unknown
frame_981.png,,,,,Unknown
frame_982.png,,,,,Unknown
frame_983.png,,,,,Unknown
frame_984.png,,,,,Unknown
frame_985.png,,,,,Unknown
frame_986.png,,,,,Unknown
frame_987.png,,,,,Unknown
frame_988.png,,,,,Unknown
frame_989.png,,,,,Unknown
frame_990.png,,,,,Unknown
frame_991.png,,,,,Unknown
frame_992.png,,,,,Unknown
frame_993.png,,,,,Unknown
frame_994.png,,,,,Unknown
frame_995.png,,,,,Unknown
frame_996.png,,,,,Unknown
frame_997.png,,,,,Unknown
frame_998.png,,,,,Unknown
frame_999.png,,,,,Unknown
frame_1000.png,,,,,Unknown
frame_1001.png,,,,,Unknown
frame_1002.png,,,,,Unknown
frame_1003.png,,,,,Unknown
frame_1004.png,,,,,Unknown
frame_1005.png,,,,,Unknown
frame_1006.png,,,,,Unknown
frame_1007.png,,,,,Unknown
frame_1008.png,,,,,Unknown
frame_1009.png,,,,,Unknown
frame_1010.png,,,,,Unknown
frame_1011.png,,,,,Unknown
frame_1012.png,,,,,Unknown
frame_1013.png,,,,,Unknown
frame_1014.png,,,,,Unknown
frame_1015.png,,,,,Unknown
frame_1016.png,,,,,Unknown
frame_1017.png,,,,,Unknown
frame_1018.png,,,,,Unknown
frame_1019.png,,,,,Unknown
frame_1020.png,,,,,Unknown
frame_1021.png,,,,,Unknown
frame_1022.png,,,,,Unknown
frame_1023.png,,,,,Unknown
frame_1024.png,,,,,Unknown
frame_1025.png,,,,,Unknown
frame_1026.png,,,,,Unknown
frame_1027.png,,,,,Unknown
frame_1028.png,,,,,Unknown
frame_1029.png,,,,,Unknown
frame_1030.png,,,,,Unknown
frame_1031.png,,,,,Unknown
frame_1032.png,,,,,Unknown
frame_1033.png,,,,,Unknown
frame_1034.png,,,,,Unknown
frame_1035.png,,,,,Unknown
frame_1036.png,,,,,Unknown
frame_1037.png,,,,,Unknown
frame_1038.png,,,,,Unknown
frame_1039.png,,,,,Unknown
frame_1040.png,,,,,Unknown
frame_1041.png,,,,,Unknown
frame_1042.png,,,,,Unknown
frame_1043.png,,,,,Unknown
frame_1044.png,,,,,Unknown
frame_1045.png,,,,,Unknown
frame_1046.png,,,,,Unknown
frame_1047.png,,,,,Unknown
frame_1048.png,,,,,Unknown
frame_1049.png,,,,,Unknown
frame_1050.png,,,,,Unknown
frame_1051.png,,,,,Unknown
frame_1052.png,,,,,Unknown
frame_1053.png,,,,,Unknown
frame_1054.png,,,,,Unknown
frame_1055.png,,,,,Unknown
frame_1056.png,,,,,Unknown
frame_1057.png,,,,,Unknown
frame_1058.png,,,,,Unknown
frame_1059.png,,,,,Unknown
frame_1060.png,,,,,Unknown
frame_1061.png,,,,,Unknown
frame_1062.png,,,,,Unknown
frame_1063.png,,,,,Unknown
frame_1064.png,,,,,Unknown
frame_1065.png,,,,,Unknown
frame_1066.png,,,,,Unknown
frame_1067.png,,,,,Unknown
frame_1068.png,,,,,Unknown
frame_1069.png,,,,,Unknown
frame_1070.png,,,,,Unknown
frame_1071.png,,,,,Unknown
frame_1072.png,,,,,Unknown
frame_1073.png,,,,,Unknown
frame_1074.png,,,,,Unknown
frame_1075.png,,,,,Unknown
frame_1076.png,,,,,Unknown
frame_1077.png,,,,,Unknown
frame_1078.png,,,,,Unknown
frame_1079.png,,,,,Unknown
frame_1080.png,,,,,Unknown
frame_1081.png,,,,,Unknown
frame_1082.png,,,,,Unknown
frame_1083.png,,,,,Unknown
frame_1084.png,,,,,Unknown
frame_1085.png,,,,,Unknown
frame_1086.png,,,,,Unknown
frame_1087.png,,,,,Unknown
frame_1088.png,,,,,Unknown
frame_1089.png,,,,,Unknown
frame_1090.png,,,,,Unknown
frame_1091.png,,,,,Unknown
frame_1092.png,,,,,Unknown
frame_1093.png,,,,,Unknown
frame_1094.png,,,,,Unknown
frame_1095.png,,,,,Unknown
frame_1096.png,,,,,Unknown
frame_1097.png,,,,,Unknown
frame_1098.png,,,,,Unknown
frame_1099.png,,,,,Unknown
frame_1100.png,,,,,Unknown
frame_1101.png,,,,,Unknown
frame_1102.png,,,,,Unknown
frame_1103.png,154,566,431,591,Center
frame_1104.png,154,563,437,592,Center
frame_1105.png,,,,,Unknown
frame_1106.png,134,574,439,591,Center
frame_1107.png,113,574,440,593,Center
frame_1108.png,148,564,441,590,Center
frame_1109.png,151,565,441,589,Center
frame_1110.png,155,569,439,588,Center
frame_1111.png,,,,,Unknown
frame_1112.png,,,,,Unknown
frame_1113.png,,,,,Unknown
frame_1114.png,,,,,Unknown
frame_1115.png,,,,,Unknown
frame_1116.png,,,,,Unknown
frame_1117.png,156,576,412,585,Center
frame_1118.png,133,571,440,586,Center
frame_1119.png,148,564,412,585,Center
frame_1120.png,,,,,Unknown
frame_1121.png,,,,,Unknown
frame_1122.png,,,,,Unknown
frame_1123.png,,,,,Unknown
frame_1124.png,,,,,Unknown
frame_1125.png,,,,,Unknown
frame_1126.png,,,,,Unknown
frame_1127.png,,,,,Unknown
frame_1128.png,,,,,Unknown
frame_1129.png,,,,,Unknown
frame_1130.png,,,,,Unknown
frame_1131.png,,,,,Unknown
frame_1132.png,,,,,Unknown
frame_1133.png,,,,,Unknown
frame_1134.png,,,,,Unknown
frame_1135.png,,,,,Unknown
frame_1136.png,,,,,Unknown
frame_1137.png,,,,,Unknown
frame_1138.png,,,,,Unknown
frame_1139.png,,,,,Unknown
frame_1140.png,138,563,387,551,Center
frame_1141.png,,,,,Unknown
frame_1142.png,,,,,Unknown
frame_1143.png,,,,,Unknown
frame_1144.png,,,,,Unknown
frame_1145.png,,,,,Unknown
frame_1146.png,,,,,Unknown
frame_1147.png,,,,,Unknown
frame_1148.png,,,,,Unknown
frame_1149.png,139,564,405,548,Center
frame_1150.png,,,,,Unknown
frame_1151.png,,,,,Unknown
frame_1152.png,,,,,Unknown
frame_1153.png,,,,,Unknown
frame_1154.png,,,,,Unknown
frame_1155.png,,,,,Unknown
frame_1156.png,,,,,Unknown
frame_1157.png,,,,,Unknown
frame_1158.png,140,566,394,552,Center
frame_1159.png,,,,,Unknown
frame_1160.png,,,,,Unknown
frame_1161.png,,,,,Unknown
frame_1162.png,,,,,Unknown
frame_1163.png,,,,,Unknown
frame_1164.png,,,,,Unknown
frame_1165.png,,,,,Unknown
frame_1166.png,,,,,Unknown
frame_1167.png,,,,,Unknown
frame_1168.png,,,,,Unknown
frame_1169.png,,,,,Unknown
frame_1170.png,,,,,Unknown
frame_1171.png,,,,,Unknown
frame_1172.png,,,,,Unknown
frame_1173.png,,,,,Unknown
frame_1174.png,,,,,Unknown
frame_1175.png,,,,,Unknown
frame_1176.png,,,,,Unknown
frame_1177.png,,,,,Unknown
frame_1178.png,,,,,Unknown
frame_1179.png,,,,,Unknown
frame_1180.png,,,,,Unknown
frame_1181.png,,,,,Unknown
frame_1182.png,,,,,Unknown
frame_1183.png,,,,,Unknown
frame_1184.png,,,,,Unknown
frame_1185.png,,,,,Unknown
frame_1186.png,,,,,Unknown
frame_1187.png,,,,,Unknown
frame_1188.png,149,562,399,548,Center
frame_1189.png,,,,,Unknown
frame_1190.png,,,,,Unknown
frame_1191.png,,,,,Unknown
frame_1192.png,,,,,Unknown
frame_1193.png,,,,,Unknown
frame_1194.png,,,,,Unknown
frame_1195.png,,,,,Unknown
frame_1196.png,,,,,Unknown
frame_1197.png,,,,,Unknown
frame_1198.png,,,,,Unknown
frame_1199.png,,,,,Unknown
frame_1200.png,,,,,Unknown
frame_1201.png,,,,,Unknown
frame_1202.png,,,,,Unknown
frame_1203.png,,,,,Unknown
frame_1204.png,,,,,Unknown
frame_1205.png,,,,,Unknown
frame_1206.png,,,,,Unknown
frame_1207.png,,,,,Unknown
frame_1208.png,,,,,Unknown
frame_1209.png,,,,,Unknown
frame_1210.png,,,,,Unknown
frame_1211.png,,,,,Unknown
frame_1212.png,,,,,Unknown
frame_1213.png,,,,,Unknown
frame_1214.png,,,,,Unknown
frame_1215.png,,,,,Unknown
frame_1216.png,,,,,Unknown
frame_1217.png,,,,,Unknown
frame_1218.png,,,,,Unknown
frame_1219.png,,,,,Unknown
frame_1220.png,,,,,Unknown
frame_1221.png,,,,,Unknown
frame_1222.png,,,,,Unknown
frame_1223.png,,,,,Unknown
frame_1224.png,,,,,Unknown
frame_1225.png,,,,,Unknown
frame_1226.png,,,,,Unknown
frame_1227.png,,,,,Unknown
frame_1228.png,,,,,Unknown
frame_1229.png,,,,,Unknown
frame_1230.png,,,,,Unknown
frame_1231.png,,,,,Unknown
frame_1232.png,,,,,Unknown
frame_1233.png,,,,,Unknown
frame_1234.png,,,,,Unknown
frame_1235.png,,,,,Unknown
frame_1236.png,,,,,Unknown
frame_1237.png,,,,,Unknown
frame_1238.png,,,,,Unknown
frame_1239.png,,,,,Unknown
frame_1240.png,,,,,Unknown
frame_1241.png,,,,,Unknown
frame_1242.png,,,,,Unknown
frame_1243.png,,,,,Unknown
frame_1244.png,,,,,Unknown
frame_1245.png,,,,,Unknown
frame_1246.png,,,,,Unknown
frame_1247.png,,,,,Unknown
frame_1248.png,,,,,Unknown
frame_1249.png,,,,,Unknown
frame_1250.png,,,,,Unknown
frame_1251.png,,,,,Unknown
frame_1252.png,,,,,Unknown
frame_1253.png,,,,,Unknown
frame_1254.png,,,,,Unknown
frame_1255.png,,,,,Unknown
frame_1256.png,,,,,Unknown
frame_1257.png,,,,,Unknown
frame_1258.png,,,,,Unknown
frame_1259.png,,,,,Unknown
frame_1260.png,,,,,Unknown
frame_1261.png,,,,,Unknown
frame_1262.png,,,,,Unknown
frame_1263.png,,,,,Unknown
frame_1264.png,,,,,Unknown
frame_1265.png,,,,,Unknown
frame_1266.png,144,558,415,544,Center
frame_1267.png,,,,,Unknown
frame_1268.png,,,,,Unknown
frame_1269.png,,,,,Unknown
frame_1270.png,,,,,Unknown
frame_1271.png,,,,,Unknown
frame_1272.png,,,,,Unknown
frame_1273.png,,,,,Unknown
frame_1274.png,,,,,Unknown
frame_1275.png,,,,,Unknown
frame_1276.png,,,,,Unknown
frame_1277.png,,,,,Unknown
frame_1278.png,,,,,Unknown
frame_1279.png,,,,,Unknown
frame_1280.png,,,,,Unknown
frame_1281.png,185,597,475,586,Left
frame_1282.png,185,591,474,584,Left
frame_1283.png,186,596,475,584,Left
frame_1284.png,,,,,Unknown
frame_1285.png,187,597,476,583,Blinking
frame_1286.png,187,597,477,584,Blinking
frame_1287.png,188,596,477,583,Blinking
frame_1288.png,187,594,477,583,Blinking
frame_1289.png,172,564,478,582,Left
frame_1290.png,171,553,477,582,Center
frame_1291.png,188,592,478,582,Left
frame_1292.png,,,,,Unknown
frame_1293.png,187,595,477,583,Blinking
frame_1294.png,,,,,Unknown
frame_1295.png,,,,,Unknown
frame_1296.png,186,596,476,583,Blinking
frame_1297.png,156,563,475,582,Center
frame_1298.png,,,,,Unknown
frame_1299.png,,,,,Unknown
frame_1300.png,,,,,Unknown
frame_1301.png,,,,,Unknown
frame_1302.png,,,,,Unknown
frame_1303.png,,,,,Unknown
frame_1304.png,,,,,Unknown
frame_1305.png,,,,,Unknown
frame_1306.png,,,,,Unknown
frame_1307.png,,,,,Unknown
frame_1308.png,,,,,Unknown
frame_1309.png,,,,,Unknown
frame_1310.png,,,,,Unknown
frame_1311.png,,,,,Unknown
frame_1312.png,,,,,Unknown
frame_1313.png,,,,,Unknown
frame_1314.png,,,,,Unknown
frame_1315.png,,,,,Unknown
frame_1316.png,,,,,Unknown
frame_1317.png,,,,,Unknown
frame_1318.png,,,,,Unknown
frame_1319.png,,,,,Unknown
frame_1320.png,,,,,Unknown
frame_1321.png,,,,,Unknown
frame_1322.png,,,,,Unknown
frame_1323.png,,,,,Unknown
frame_1324.png,,,,,Unknown
frame_1325.png,,,,,Unknown
frame_1326.png,,,,,Unknown
frame_1327.png,,,,,Unknown
frame_1328.png,,,,,Unknown
frame_1329.png,,,,,Unknown
frame_1330.png,,,,,Unknown
frame_1331.png,,,,,Unknown
frame_1332.png,,,,,Unknown
frame_1333.png,159,560,454,587,Center
frame_1334.png,,,,,Unknown
frame_1335.png,116,567,454,587,Center
frame_1336.png,165,559,454,587,Center
frame_1337.png,168,561,454,588,Center
frame_1338.png,164,561,454,588,Center
frame_1339.png,166,559,455,589,Center
frame_1340.png,,,,,Unknown
frame_1341.png,,,,,Unknown
frame_1342.png,144,567,454,589,Center
frame_1343.png,156,557,453,590,Center
frame_1344.png,,,,,Unknown
frame_1345.png,,,,,Unknown
frame_1346.png,,,,,Unknown
frame_1347.png,151,557,453,589,Center
frame_1348.png,159,558,453,588,Center
frame_1349.png,,,,,Unknown
frame_1350.png,,,,,Unknown
frame_1351.png,,,,,Unknown
frame_1352.png,,,,,Unknown
frame_1353.png,,,,,Unknown
frame_1354.png,,,,,Unknown
frame_1355.png,,,,,Unknown
frame_1356.png,,,,,Unknown
frame_1357.png,,,,,Unknown
frame_1358.png,,,,,Unknown
frame_1359.png,,,,,Unknown
frame_1360.png,,,,,Unknown
frame_1361.png,,,,,Unknown
frame_1362.png,,,,,Unknown
frame_1363.png,,,,,Unknown
frame_1364.png,,,,,Unknown
frame_1365.png,,,,,Unknown
frame_1366.png,,,,,Unknown
frame_1367.png,,,,,Unknown
frame_1368.png,,,,,Unknown
frame_1369.png,,,,,Unknown
frame_1370.png,,,,,Unknown
frame_1371.png,,,,,Unknown
frame_1372.png,,,,,Unknown
frame_1373.png,,,,,Unknown
frame_1374.png,,,,,Unknown
frame_1375.png,,,,,Unknown
frame_1376.png,,,,,Unknown
frame_1377.png,,,,,Unknown
frame_1378.png,,,,,Unknown
frame_1379.png,,,,,Unknown
frame_1380.png,,,,,Unknown
frame_1381.png,,,,,Unknown
frame_1382.png,,,,,Unknown
frame_1383.png,,,,,Unknown
frame_1384.png,,,,,Unknown
frame_1385.png,,,,,Unknown
frame_1386.png,,,,,Unknown
frame_1387.png,,,,,Unknown
frame_1388.png,,,,,Unknown
frame_1389.png,,,,,Unknown
frame_1390.png,,,,,Unknown
frame_1391.png,,,,,Unknown
frame_1392.png,,,,,Unknown
frame_1393.png,,,,,Unknown
frame_1394.png,,,,,Unknown
frame_1395.png,,,,,Unknown
frame_1396.png,,,,,Unknown
frame_1397.png,,,,,Unknown
frame_1398.png,,,,,Unknown
frame_1399.png,,,,,Unknown
frame_1400.png,,,,,Unknown
frame_1401.png,,,,,Unknown
frame_1402.png,,,,,Unknown
frame_1403.png,,,,,Unknown
frame_1404.png,,,,,Unknown
frame_1405.png,,,,,Unknown
frame_1406.png,,,,,Unknown
frame_1407.png,,,,,Unknown
frame_1408.png,,,,,Unknown
frame_1409.png,,,,,Unknown
frame_1410.png,,,,,Unknown
frame_1411.png,,,,,Unknown
frame_1412.png,,,,,Unknown
frame_1413.png,,,,,Unknown
frame_1414.png,,,,,Unknown
frame_1415.png,,,,,Unknown
frame_1416.png,,,,,Unknown
frame_1417.png,,,,,Unknown
frame_1418.png,,,,,Unknown
frame_1419.png,,,,,Unknown
frame_1420.png,,,,,Unknown
frame_1421.png,,,,,Unknown
frame_1422.png,,,,,Unknown
frame_1423.png,,,,,Unknown
frame_1424.png,,,,,Unknown
frame_1425.png,,,,,Unknown
frame_1426.png,,,,,Unknown
frame_1427.png,,,,,Unknown
frame_1428.png,,,,,Unknown
frame_1429.png,,,,,Unknown
frame_1430.png,,,,,Unknown
frame_1431.png,,,,,Unknown
frame_1432.png,,,,,Unknown
frame_1433.png,,,,,Unknown
frame_1434.png,,,,,Unknown
frame_1435.png,,,,,Unknown
frame_1436.png,,,,,Unknown
frame_1437.png,,,,,Unknown
frame_1438.png,,,,,Unknown
frame_1439.png,,,,,Unknown
frame_1440.png,,,,,Unknown
frame_1441.png,140,538,390,523,Center
frame_1442.png,,,,,Unknown
frame_1443.png,,,,,Unknown
frame_1444.png,,,,,Unknown
frame_1445.png,,,,,Unknown
frame_1446.png,,,,,Unknown
frame_1447.png,,,,,Unknown
frame_1448.png,,,,,Unknown
frame_1449.png,,,,,Unknown
frame_1450.png,,,,,Unknown
frame_1451.png,,,,,Unknown
frame_1452.png,,,,,Unknown
frame_1453.png,,,,,Unknown
frame_1454.png,,,,,Unknown
frame_1455.png,,,,,Unknown
frame_1456.png,,,,,Unknown
frame_1457.png,,,,,Unknown
frame_1458.png,,,,,Unknown
frame_1459.png,,,,,Unknown
frame_1460.png,,,,,Unknown
frame_1461.png,,,,,Unknown
frame_1462.png,,,,,Unknown
frame_1463.png,,,,,Unknown
frame_1464.png,,,,,Unknown
frame_1465.png,,,,,Unknown
frame_1466.png,,,,,Unknown
frame_1467.png,,,,,Unknown
frame_1468.png,,,,,Unknown
frame_1469.png,,,,,Unknown
frame_1470.png,,,,,Unknown
frame_1471.png,,,,,Unknown
frame_1472.png,,,,,Unknown
frame_1473.png,,,,,Unknown
frame_1474.png,,,,,Unknown
frame_1475.png,,,,,Unknown
frame_1476.png,,,,,Unknown
frame_1477.png,143,546,444,532,Center
frame_1478.png,,,,,Unknown
frame_1479.png,,,,,Unknown
frame_1480.png,,,,,Unknown
frame_1481.png,,,,,Unknown
frame_1482.png,,,,,Unknown
frame_1483.png,,,,,Unknown
frame_1484.png,,,,,Unknown
frame_1485.png,,,,,Unknown
frame_1486.png,,,,,Unknown
frame_1487.png,,,,,Unknown
frame_1488.png,,,,,Unknown
frame_1489.png,,,,,Unknown
frame_1490.png,,,,,Unknown
frame_1491.png,,,,,Unknown
frame_1492.png,,,,,Unknown
frame_1493.png,,,,,Unknown
frame_1494.png,,,,,Unknown
frame_1495.png,,,,,Unknown
frame_1496.png,,,,,Unknown
frame_1497.png,,,,,Unknown
frame_1498.png,,,,,Unknown
frame_1499.png,,,,,Unknown
frame_1500.png,,,,,Unknown
frame_1501.png,,,,,Unknown
frame_1502.png,,,,,Unknown
frame_1503.png,,,,,Unknown
frame_1504.png,,,,,Unknown
frame_1505.png,,,,,Unknown
frame_1506.png,,,,,Unknown
frame_1507.png,,,,,Unknown
frame_1508.png,,,,,Unknown
frame_1509.png,,,,,Unknown
frame_1510.png,,,,,Unknown
frame_1511.png,,,,,Unknown
frame_1512.png,,,,,Unknown
frame_1513.png,,,,,Unknown
frame_1514.png,,,,,Unknown
frame_1515.png,,,,,Unknown
frame_1516.png,,,,,Unknown
frame_1517.png,,,,,Unknown
frame_1518.png,,,,,Unknown
frame_1519.png,,,,,Unknown
frame_1520.png,,,,,Unknown
frame_1521.png,,,,,Unknown
frame_1522.png,,,,,Unknown
frame_1523.png,,,,,Unknown
frame_1524.png,,,,,Unknown
frame_1525.png,,,,,Unknown
frame_1526.png,,,,,Unknown
frame_1527.png,,,,,Unknown
frame_1528.png,,,,,Unknown
frame_1529.png,,,,,Unknown
frame_1530.png,,,,,Unknown
frame_1531.png,,,,,Unknown
frame_1532.png,,,,,Unknown
frame_1533.png,,,,,Unknown
frame_1534.png,,,,,Unknown
frame_1535.png,,,,,Unknown
frame_1536.png,,,,,Unknown
frame_1537.png,,,,,Unknown
frame_1538.png,,,,,Unknown
frame_1539.png,,,,,Unknown
frame_1540.png,,,,,Unknown
frame_1541.png,,,,,Unknown
frame_1542.png,,,,,Unknown
frame_1543.png,,,,,Unknown
frame_1544.png,,,,,Unknown
frame_1545.png,,,,,Unknown
frame_1546.png,,,,,Unknown
frame_1547.png,,,,,Unknown
frame_1548.png,,,,,Unknown
frame_1549.png,,,,,Unknown
frame_1550.png,,,,,Unknown
frame_1551.png,,,,,Unknown
frame_1552.png,,,,,Unknown
frame_1553.png,,,,,Unknown
frame_1554.png,,,,,Unknown
frame_1555.png,,,,,Unknown
frame_1556.png,,,,,Unknown
frame_1557.png,,,,,Unknown
frame_1558.png,,,,,Unknown
frame_1559.png,,,,,Unknown
frame_1560.png,,,,,Unknown
frame_1561.png,,,,,Unknown
frame_1562.png,,,,,Unknown
frame_1563.png,,,,,Unknown
frame_1564.png,,,,,Unknown
frame_1565.png,,,,,Unknown
frame_1566.png,,,,,Unknown
frame_1567.png,,,,,Unknown
frame_1568.png,,,,,Unknown
frame_1569.png,,,,,Unknown
frame_1570.png,,,,,Unknown
frame_1571.png,,,,,Unknown
frame_1572.png,,,,,Unknown
frame_1573.png,,,,,Unknown
frame_1574.png,,,,,Unknown
frame_1575.png,,,,,Unknown
frame_1576.png,,,,,Unknown
frame_1577.png,,,,,Unknown
frame_1578.png,,,,,Unknown
frame_1579.png,,,,,Unknown
frame_1580.png,,,,,Unknown
frame_1581.png,,,,,Unknown
frame_1582.png,,,,,Unknown
frame_1583.png,,,,,Unknown
frame_1584.png,,,,,Unknown
frame_1585.png,,,,,Unknown
frame_1586.png,,,,,Unknown
frame_1587.png,,,,,Unknown
frame_1588.png,,,,,Unknown
frame_1589.png,,,,,Unknown
frame_1590.png,,,,,Unknown
frame_1591.png,,,,,Unknown
frame_1592.png,,,,,Unknown
frame_1593.png,,,,,Unknown
frame_1594.png,,,,,Unknown
frame_1595.png,,,,,Unknown
frame_1596.png,,,,,Unknown
frame_1597.png,,,,,Unknown
frame_1598.png,,,,,Unknown
frame_1599.png,,,,,Unknown
frame_1600.png,,,,,Unknown
frame_1601.png,,,,,Unknown
frame_1602.png,,,,,Unknown
frame_1603.png,,,,,Unknown
frame_1604.png,,,,,Unknown
frame_1605.png,,,,,Unknown
frame_1606.png,,,,,Unknown
frame_1607.png,,,,,Unknown
frame_1608.png,,,,,Unknown
frame_1609.png,,,,,Unknown
frame_1610.png,,,,,Unknown
frame_1611.png,,,,,Unknown
frame_1612.png,,,,,Unknown
frame_1613.png,,,,,Unknown
frame_1614.png,,,,,Unknown
frame_1615.png,,,,,Unknown
frame_1616.png,,,,,Unknown
frame_1617.png,,,,,Unknown
frame_1618.png,,,,,Unknown
frame_1619.png,,,,,Unknown
frame_1620.png,,,,,Unknown
frame_1621.png,,,,,Unknown
frame_1622.png,,,,,Unknown
frame_1623.png,,,,,Unknown
frame_1624.png,,,,,Unknown
frame_1625.png,,,,,Unknown
frame_1626.png,,,,,Unknown
frame_1627.png,,,,,Unknown
frame_1628.png,,,,,Unknown
frame_1629.png,,,,,Unknown
frame_1630.png,,,,,Unknown
frame_1631.png,,,,,Unknown
frame_1632.png,,,,,Unknown
frame_1633.png,,,,,Unknown
frame_1634.png,,,,,Unknown
frame_1635.png,,,,,Unknown
frame_1636.png,,,,,Unknown
frame_1637.png,,,,,Unknown
frame_1638.png,,,,,Unknown
frame_1639.png,,,,,Unknown
frame_1640.png,,,,,Unknown
frame_1641.png,,,,,Unknown
frame_1642.png,,,,,Unknown
frame_1643.png,,,,,Unknown
frame_1644.png,,,,,Unknown
frame_1645.png,,,,,Unknown
frame_1646.png,,,,,Unknown
frame_1647.png,,,,,Unknown
frame_1648.png,,,,,Unknown
frame_1649.png,156,536,414,525,Center
frame_1650.png,,,,,Unknown
frame_1651.png,,,,,Unknown
frame_1652.png,,,,,Unknown
frame_1653.png,,,,,Unknown
frame_1654.png,,,,,Unknown
frame_1655.png,,,,,Unknown
frame_1656.png,,,,,Unknown
frame_1657.png,,,,,Unknown
frame_1658.png,,,,,Unknown
frame_1659.png,,,,,Unknown
frame_1660.png,,,,,Unknown
frame_1661.png,,,,,Unknown
frame_1662.png,,,,,Unknown
frame_1663.png,,,,,Unknown
frame_1664.png,,,,,Unknown
frame_1665.png,,,,,Unknown
frame_1666.png,,,,,Unknown
frame_1667.png,,,,,Unknown
frame_1668.png,,,,,Unknown
frame_1669.png,,,,,Unknown
frame_1670.png,,,,,Unknown
frame_1671.png,,,,,Unknown
frame_1672.png,,,,,Unknown
frame_1673.png,,,,,Unknown
frame_1674.png,,,,,Unknown
frame_1675.png,,,,,Unknown
frame_1676.png,,,,,Unknown
frame_1677.png,,,,,Unknown
frame_1678.png,,,,,Unknown
frame_1679.png,,,,,Unknown
frame_1680.png,,,,,Unknown
frame_1681.png,,,,,Unknown
frame_1682.png,,,,,Unknown
frame_1683.png,,,,,Unknown
frame_1684.png,,,,,Unknown
frame_1685.png,,,,,Unknown
frame_1686.png,,,,,Unknown
frame_1687.png,,,,,Unknown
frame_1688.png,,,,,Unknown
frame_1689.png,,,,,Unknown
frame_1690.png,,,,,Unknown
frame_1691.png,,,,,Unknown
frame_1692.png,,,,,Unknown
frame_1693.png,,,,,Unknown
frame_1694.png,,,,,Unknown
frame_1695.png,,,,,Unknown
frame_1696.png,,,,,Unknown
frame_1697.png,,,,,Unknown
frame_1698.png,,,,,Unknown
frame_1699.png,,,,,Unknown
frame_1700.png,,,,,Unknown
frame_1701.png,,,,,Unknown
frame_1702.png,,,,,Unknown
frame_1703.png,,,,,Unknown
frame_1704.png,,,,,Unknown
frame_1705.png,,,,,Unknown
frame_1706.png,,,,,Unknown
frame_1707.png,,,,,Unknown
frame_1708.png,,,,,Unknown
frame_1709.png,,,,,Unknown
frame_1710.png,,,,,Unknown
frame_1711.png,,,,,Unknown
frame_1712.png,,,,,Unknown
frame_1713.png,,,,,Unknown
frame_1714.png,,,,,Unknown
frame_1715.png,,,,,Unknown
frame_1716.png,,,,,Unknown
frame_1717.png,,,,,Unknown
frame_1718.png,,,,,Unknown
frame_1719.png,,,,,Unknown
frame_1720.png,,,,,Unknown
frame_1721.png,,,,,Unknown
frame_1722.png,,,,,Unknown
frame_1723.png,,,,,Unknown
frame_1724.png,,,,,Unknown
frame_1725.png,,,,,Unknown
frame_1726.png,,,,,Unknown
frame_1727.png,,,,,Unknown
frame_1728.png,,,,,Unknown
frame_1729.png,,,,,Unknown
frame_1730.png,,,,,Unknown
frame_1731.png,,,,,Unknown
frame_1732.png,,,,,Unknown
frame_1733.png,,,,,Unknown
frame_1734.png,,,,,Unknown
frame_1735.png,,,,,Unknown
frame_1736.png,,,,,Unknown
frame_1737.png,,,,,Unknown
frame_1738.png,,,,,Unknown
frame_1739.png,,,,,Unknown
frame_1740.png,,,,,Unknown
frame_1741.png,,,,,Unknown
frame_1742.png,,,,,Unknown
frame_1743.png,,,,,Unknown
frame_1744.png,,,,,Unknown
frame_1745.png,,,,,Unknown
frame_1746.png,,,,,Unknown
frame_1747.png,,,,,Unknown
frame_1748.png,,,,,Unknown
frame_1749.png,,,,,Unknown
frame_1750.png,,,,,Unknown
frame_1751.png,,,,,Unknown
frame_1752.png,,,,,Unknown
frame_1753.png,,,,,Unknown
frame_1754.png,,,,,Unknown
frame_1755.png,,,,,Unknown
frame_1756.png,,,,,Unknown
frame_1757.png,,,,,Unknown
frame_1758.png,,,,,Unknown
frame_1759.png,,,,,Unknown
frame_1760.png,,,,,Unknown
frame_1761.png,,,,,Unknown
frame_1762.png,,,,,Unknown
frame_1763.png,,,,,Unknown
frame_1764.png,,,,,Unknown
frame_1765.png,,,,,Unknown
frame_1766.png,,,,,Unknown
frame_1767.png,,,,,Unknown
frame_1768.png,,,,,Unknown
frame_1769.png,,,,,Unknown
frame_1770.png,,,,,Unknown
frame_1771.png,,,,,Unknown
frame_1772.png,160,536,427,517,Center
frame_1773.png,,,,,Unknown
frame_1774.png,,,,,Unknown
frame_1775.png,,,,,Unknown
frame_1776.png,,,,,Unknown
frame_1777.png,,,,,Unknown
frame_1778.png,,,,,Unknown
frame_1779.png,,,,,Unknown
frame_1780.png,,,,,Unknown
frame_1781.png,,,,,Unknown
frame_1782.png,,,,,Unknown
frame_1783.png,,,,,Unknown
frame_1784.png,,,,,Unknown
frame_1785.png,,,,,Unknown
frame_1786.png,,,,,Unknown
frame_1787.png,,,,,Unknown
frame_1788.png,154,538,402,530,Center
frame_1789.png,,,,,Unknown
frame_1790.png,,,,,Unknown
frame_1791.png,,,,,Unknown
frame_1792.png,,,,,Unknown
frame_1793.png,,,,,Unknown
frame_1794.png,,,,,Unknown
frame_1795.png,,,,,Unknown
frame_1796.png,,,,,Unknown
frame_1797.png,,,,,Unknown
frame_1798.png,,,,,Unknown
frame_1799.png,,,,,Unknown
frame_1800.png,,,,,Unknown
frame_1801.png,,,,,Unknown
frame_1802.png,,,,,Unknown
frame_1803.png,,,,,Unknown
frame_1804.png,,,,,Unknown
frame_1805.png,,,,,Unknown
frame_1806.png,,,,,Unknown
frame_1807.png,,,,,Unknown
frame_1808.png,,,,,Unknown
frame_1809.png,,,,,Unknown
frame_1810.png,,,,,Unknown
frame_1811.png,,,,,Unknown
frame_1812.png,,,,,Unknown
frame_1813.png,,,,,Unknown
frame_1814.png,,,,,Unknown
frame_1815.png,,,,,Unknown
frame_1816.png,,,,,Unknown
frame_1817.png,,,,,Unknown
frame_1818.png,,,,,Unknown
frame_1819.png,,,,,Unknown
frame_1820.png,,,,,Unknown
frame_1821.png,,,,,Unknown
frame_1822.png,,,,,Unknown
frame_1823.png,,,,,Unknown
frame_1824.png,,,,,Unknown
frame_1825.png,,,,,Unknown
frame_1826.png,,,,,Unknown
frame_1827.png,,,,,Unknown
frame_1828.png,,,,,Unknown
frame_1829.png,,,,,Unknown
frame_1830.png,,,,,Unknown
frame_1831.png,,,,,Unknown
frame_1832.png,,,,,Unknown
frame_1833.png,,,,,Unknown
frame_1834.png,,,,,Unknown
frame_1835.png,,,,,Unknown
frame_1836.png,,,,,Unknown
frame_1837.png,,,,,Unknown
frame_1838.png,,,,,Unknown
frame_1839.png,,,,,Unknown
frame_1840.png,,,,,Unknown
frame_1841.png,,,,,Unknown
frame_1842.png,,,,,Unknown
frame_1843.png,,,,,Unknown
frame_1844.png,,,,,Unknown
frame_1845.png,,,,,Unknown
frame_1846.png,,,,,Unknown
frame_1847.png,,,,,Unknown
frame_1848.png,,,,,Unknown
frame_1849.png,,,,,Unknown
frame_1850.png,,,,,Unknown
frame_1851.png,,,,,Unknown
frame_1852.png,,,,,Unknown
frame_1853.png,,,,,Unknown
frame_1854.png,,,,,Unknown
frame_1855.png,,,,,Unknown
frame_1856.png,,,,,Unknown
frame_1857.png,,,,,Unknown
frame_1858.png,,,,,Unknown
frame_1859.png,,,,,Unknown
frame_1860.png,,,,,Unknown
frame_1861.png,,,,,Unknown
frame_1862.png,,,,,Unknown
frame_1863.png,,,,,Unknown
frame_1864.png,,,,,Unknown
frame_1865.png,,,,,Unknown
frame_1866.png,,,,,Unknown
frame_1867.png,,,,,Unknown
frame_1868.png,,,,,Unknown
frame_1869.png,,,,,Unknown
frame_1870.png,,,,,Unknown
frame_1871.png,,,,,Unknown
frame_1872.png,,,,,Unknown
frame_1873.png,,,,,Unknown
frame_1874.png,,,,,Unknown
frame_1875.png,,,,,Unknown
frame_1876.png,,,,,Unknown
frame_1877.png,,,,,Unknown
frame_1878.png,,,,,Unknown
frame_1879.png,,,,,Unknown
frame_1880.png,,,,,Unknown
frame_1881.png,,,,,Unknown
frame_1882.png,,,,,Unknown
frame_1883.png,,,,,Unknown
frame_1884.png,,,,,Unknown
frame_1885.png,,,,,Unknown
frame_1886.png,,,,,Unknown
frame_1887.png,,,,,Unknown
frame_1888.png,,,,,Unknown
frame_1889.png,,,,,Unknown
frame_1890.png,,,,,Unknown
frame_1891.png,,,,,Unknown
frame_1892.png,,,,,Unknown
frame_1893.png,,,,,Unknown
frame_1894.png,,,,,Unknown
frame_1895.png,,,,,Unknown
frame_1896.png,,,,,Unknown
frame_1897.png,,,,,Unknown
frame_1898.png,,,,,Unknown
frame_1899.png,,,,,Unknown
frame_1900.png,,,,,Unknown
frame_1901.png,,,,,Unknown
frame_1902.png,,,,,Unknown
frame_1903.png,,,,,Unknown
frame_1904.png,,,,,Unknown
frame_1905.png,,,,,Unknown
frame_1906.png,,,,,Unknown
frame_1907.png,,,,,Unknown
frame_1908.png,,,,,Unknown
frame_1909.png,,,,,Unknown
frame_1910.png,,,,,Unknown
frame_1911.png,,,,,Unknown
frame_1912.png,,,,,Unknown
frame_1913.png,,,,,Unknown
frame_1914.png,,,,,Unknown
frame_1915.png,,,,,Unknown
frame_1916.png,,,,,Unknown
frame_1917.png,,,,,Unknown
frame_1918.png,,,,,Unknown
frame_1919.png,,,,,Unknown
frame_1920.png,,,,,Unknown
frame_1921.png,,,,,Unknown
frame_1922.png,,,,,Unknown
frame_1923.png,,,,,Unknown
frame_1924.png,,,,,Unknown
frame_1925.png,,,,,Unknown
frame_1926.png,,,,,Unknown
frame_1927.png,,,,,Unknown
frame_1928.png,,,,,Unknown
frame_1929.png,,,,,Unknown
frame_1930.png,,,,,Unknown
frame_1931.png,,,,,Unknown
frame_1932.png,,,,,Unknown
frame_1933.png,,,,,Unknown
frame_1934.png,,,,,Unknown
frame_1935.png,,,,,Unknown
frame_1936.png,,,,,Unknown
frame_1937.png,,,,,Unknown
frame_1938.png,,,,,Unknown
frame_1939.png,,,,,Unknown
frame_1940.png,,,,,Unknown
frame_1941.png,,,,,Unknown
frame_1942.png,,,,,Unknown
frame_1943.png,,,,,Unknown
frame_1944.png,,,,,Unknown
frame_1945.png,,,,,Unknown
frame_1946.png,,,,,Unknown
frame_1947.png,,,,,Unknown
frame_1948.png,,,,,Unknown
frame_1949.png,,,,,Unknown
frame_1950.png,,,,,Unknown
frame_1951.png,,,,,Unknown
frame_1952.png,,,,,Unknown
frame_1953.png,,,,,Unknown
frame_1954.png,,,,,Unknown
frame_1955.png,,,,,Unknown
frame_1956.png,,,,,Unknown
frame_1957.png,,,,,Unknown
frame_1958.png,,,,,Unknown
frame_1959.png,,,,,Unknown
frame_1960.png,,,,,Unknown
frame_1961.png,,,,,Unknown
frame_1962.png,,,,,Unknown
frame_1963.png,,,,,Unknown
frame_1964.png,,,,,Unknown
frame_1965.png,,,,,Unknown
frame_1966.png,,,,,Unknown
frame_1967.png,,,,,Unknown
frame_1968.png,,,,,Unknown
frame_1969.png,,,,,Unknown
frame_1970.png,,,,,Unknown
frame_1971.png,,,,,Unknown
frame_1972.png,,,,,Unknown
frame_1973.png,,,,,Unknown
frame_1974.png,,,,,Unknown
frame_1975.png,,,,,Unknown
frame_1976.png,,,,,Unknown
frame_1977.png,,,,,Unknown
frame_1978.png,,,,,Unknown
frame_1979.png,,,,,Unknown
frame_1980.png,,,,,Unknown
frame_1981.png,,,,,Unknown
frame_1982.png,,,,,Unknown
frame_1983.png,,,,,Unknown
frame_1984.png,,,,,Unknown
frame_1985.png,,,,,Unknown
frame_1986.png,,,,,Unknown
frame_1987.png,,,,,Unknown
frame_1988.png,,,,,Unknown
frame_1989.png,,,,,Unknown
frame_1990.png,,,,,Unknown
frame_1991.png,,,,,Unknown
frame_1992.png,,,,,Unknown
frame_1993.png,,,,,Unknown
frame_1994.png,,,,,Unknown
frame_1995.png,,,,,Unknown
frame_1996.png,,,,,Unknown
frame_1997.png,,,,,Unknown
frame_1998.png,,,,,Unknown
frame_1999.png,,,,,Unknown
frame_2000.png,,,,,Unknown
frame_2001.png,,,,,Unknown
frame_2002.png,158,545,445,530,Center
frame_2003.png,,,,,Unknown
frame_2004.png,,,,,Unknown
frame_2005.png,,,,,Unknown
frame_2006.png,,,,,Unknown
frame_2007.png,,,,,Unknown
frame_2008.png,,,,,Unknown
frame_2009.png,,,,,Unknown
frame_2010.png,,,,,Unknown
frame_2011.png,,,,,Unknown
frame_2012.png,,,,,Unknown
frame_2013.png,,,,,Unknown
frame_2014.png,,,,,Unknown
frame_2015.png,,,,,Unknown
frame_2016.png,,,,,Unknown
frame_2017.png,,,,,Unknown
frame_2018.png,,,,,Unknown
frame_2019.png,,,,,Unknown
frame_2020.png,,,,,Unknown
frame_2021.png,,,,,Unknown
frame_2022.png,,,,,Unknown
frame_2023.png,,,,,Unknown
frame_2024.png,,,,,Unknown
frame_2025.png,,,,,Unknown
frame_2026.png,,,,,Unknown
frame_2027.png,149,550,398,539,Center
frame_2028.png,144,547,440,534,Center
frame_2029.png,,,,,Unknown
frame_2030.png,,,,,Unknown
frame_2031.png,,,,,Unknown
frame_2032.png,,,,,Unknown
frame_2033.png,,,,,Unknown
frame_2034.png,,,,,Unknown
frame_2035.png,,,,,Unknown
frame_2036.png,,,,,Unknown
frame_2037.png,,,,,Unknown
frame_2038.png,,,,,Unknown
frame_2039.png,,,,,Unknown
frame_2040.png,,,,,Unknown
frame_2041.png,,,,,Unknown
frame_2042.png,,,,,Unknown
frame_2043.png,,,,,Unknown
frame_2044.png,,,,,Unknown
frame_2045.png,,,,,Unknown
frame_2046.png,155,547,408,539,Center
frame_2047.png,,,,,Unknown
frame_2048.png,,,,,Unknown
frame_2049.png,,,,,Unknown
frame_2050.png,,,,,Unknown
frame_2051.png,,,,,Unknown
frame_2052.png,,,,,Unknown
frame_2053.png,,,,,Unknown
frame_2054.png,,,,,Unknown
frame_2055.png,,,,,Unknown
frame_2056.png,,,,,Unknown
frame_2057.png,,,,,Unknown
frame_2058.png,,,,,Unknown
frame_2059.png,,,,,Unknown
frame_2060.png,,,,,Unknown
frame_2061.png,,,,,Unknown
frame_2062.png,,,,,Unknown
frame_2063.png,,,,,Unknown
frame_2064.png,,,,,Unknown
frame_2065.png,,,,,Unknown
frame_2066.png,,,,,Unknown
frame_2067.png,,,,,Unknown
frame_2068.png,,,,,Unknown
frame_2069.png,,,,,Unknown
frame_2070.png,,,,,Unknown
frame_2071.png,,,,,Unknown
frame_2072.png,,,,,Unknown
frame_2073.png,,,,,Unknown
frame_2074.png,,,,,Unknown
frame_2075.png,,,,,Unknown
frame_2076.png,,,,,Unknown
frame_2077.png,,,,,Unknown
frame_2078.png,,,,,Unknown
frame_2079.png,,,,,Unknown
frame_2080.png,,,,,Unknown
frame_2081.png,,,,,Unknown
frame_2082.png,,,,,Unknown
frame_2083.png,,,,,Unknown
frame_2084.png,,,,,Unknown
frame_2085.png,,,,,Unknown
frame_2086.png,,,,,Unknown
frame_2087.png,,,,,Unknown
frame_2088.png,,,,,Unknown
frame_2089.png,,,,,Unknown
frame_2090.png,,,,,Unknown
frame_2091.png,,,,,Unknown
frame_2092.png,,,,,Unknown
frame_2093.png,,,,,Unknown
frame_2094.png,,,,,Unknown
frame_2095.png,,,,,Unknown
frame_2096.png,,,,,Unknown
frame_2097.png,,,,,Unknown
frame_2098.png,,,,,Unknown
frame_2099.png,,,,,Unknown
frame_2100.png,,,,,Unknown
frame_2101.png,,,,,Unknown
frame_2102.png,,,,,Unknown
frame_2103.png,,,,,Unknown
frame_2104.png,,,,,Unknown
frame_2105.png,,,,,Unknown
frame_2106.png,,,,,Unknown
frame_2107.png,,,,,Unknown
frame_2108.png,,,,,Unknown
frame_2109.png,,,,,Unknown
frame_2110.png,,,,,Unknown
frame_2111.png,,,,,Unknown
frame_2112.png,,,,,Unknown
frame_2113.png,,,,,Unknown
frame_2114.png,,,,,Unknown
frame_2115.png,,,,,Unknown
frame_2116.png,,,,,Unknown
frame_2117.png,,,,,Unknown
frame_2118.png,,,,,Unknown
frame_2119.png,,,,,Unknown
frame_2120.png,,,,,Unknown
frame_2121.png,,,,,Unknown
frame_2122.png,,,,,Unknown
frame_2123.png,,,,,Unknown
frame_2124.png,,,,,Unknown
frame_2125.png,,,,,Unknown
frame_2126.png,,,,,Unknown
frame_2127.png,,,,,Unknown
frame_2128.png,,,,,Unknown
frame_2129.png,,,,,Unknown
frame_2130.png,,,,,Unknown
frame_2131.png,,,,,Unknown
frame_2132.png,,,,,Unknown
frame_2133.png,,,,,Unknown
frame_2134.png,,,,,Unknown
frame_2135.png,,,,,Unknown
frame_2136.png,,,,,Unknown
frame_2137.png,,,,,Unknown
frame_2138.png,,,,,Unknown
frame_2139.png,,,,,Unknown
frame_2140.png,,,,,Unknown
frame_2141.png,,,,,Unknown
frame_2142.png,,,,,Unknown
frame_2143.png,,,,,Unknown
frame_2144.png,,,,,Unknown
frame_2145.png,,,,,Unknown
frame_2146.png,,,,,Unknown
frame_2147.png,,,,,Unknown
frame_2148.png,,,,,Unknown
frame_2149.png,,,,,Unknown
frame_2150.png,157,539,417,537,Center
frame_2151.png,,,,,Unknown
frame_2152.png,,,,,Unknown
frame_2153.png,,,,,Unknown
frame_2154.png,,,,,Unknown
frame_2155.png,,,,,Unknown
frame_2156.png,,,,,Unknown
frame_2157.png,,,,,Unknown
frame_2158.png,,,,,Unknown
frame_2159.png,,,,,Unknown
frame_2160.png,,,,,Unknown
frame_2161.png,,,,,Unknown
frame_2162.png,,,,,Unknown
frame_2163.png,,,,,Unknown
frame_2164.png,,,,,Unknown
frame_2165.png,,,,,Unknown
frame_2166.png,,,,,Unknown
frame_2167.png,,,,,Unknown
frame_2168.png,,,,,Unknown
frame_2169.png,,,,,Unknown
frame_2170.png,,,,,Unknown
frame_2171.png,,,,,Unknown
frame_2172.png,,,,,Unknown
frame_2173.png,,,,,Unknown
frame_2174.png,,,,,Unknown
frame_2175.png,,,,,Unknown
frame_2176.png,,,,,Unknown
frame_2177.png,,,,,Unknown
frame_2178.png,,,,,Unknown
frame_2179.png,,,,,Unknown
frame_2180.png,,,,,Unknown
frame_2181.png,,,,,Unknown
frame_2182.png,,,,,Unknown
frame_2183.png,,,,,Unknown
frame_2184.png,,,,,Unknown
frame_2185.png,,,,,Unknown
frame_2186.png,,,,,Unknown
frame_2187.png,,,,,Unknown
frame_2188.png,,,,,Unknown
frame_2189.png,,,,,Unknown
frame_2190.png,,,,,Unknown
frame_2191.png,,,,,Unknown
frame_2192.png,,,,,Unknown
frame_2193.png,,,,,Unknown
frame_2194.png,,,,,Unknown
frame_2195.png,154,545,428,542,Center
frame_2196.png,,,,,Unknown
frame_2197.png,,,,,Unknown
frame_2198.png,,,,,Unknown
frame_2199.png,,,,,Unknown
frame_2200.png,,,,,Unknown
frame_2201.png,,,,,Unknown
frame_2202.png,,,,,Unknown
frame_2203.png,,,,,Unknown
frame_2204.png,,,,,Unknown
frame_2205.png,,,,,Unknown
frame_2206.png,,,,,Unknown
frame_2207.png,,,,,Unknown
frame_2208.png,,,,,Unknown
frame_2209.png,,,,,Unknown
frame_2210.png,,,,,Unknown
frame_2211.png,,,,,Unknown
frame_2212.png,,,,,Unknown
frame_2213.png,,,,,Unknown
frame_2214.png,,,,,Unknown
frame_2215.png,,,,,Unknown
frame_2216.png,,,,,Unknown
frame_2217.png,,,,,Unknown
frame_2218.png,,,,,Unknown
frame_2219.png,,,,,Unknown
frame_2220.png,,,,,Unknown
frame_2221.png,,,,,Unknown
frame_2222.png,,,,,Unknown
frame_2223.png,,,,,Unknown
frame_2224.png,,,,,Unknown
frame_2225.png,,,,,Unknown
frame_2226.png,,,,,Unknown
frame_2227.png,,,,,Unknown
frame_2228.png,,,,,Unknown
frame_2229.png,,,,,Unknown
frame_2230.png,,,,,Unknown
frame_2231.png,,,,,Unknown
frame_2232.png,,,,,Unknown
frame_2233.png,,,,,Unknown
frame_2234.png,,,,,Unknown
frame_2235.png,,,,,Unknown
frame_2236.png,,,,,Unknown
frame_2237.png,,,,,Unknown
frame_2238.png,,,,,Unknown
frame_2239.png,,,,,Unknown
frame_2240.png,,,,,Unknown
frame_2241.png,,,,,Unknown
frame_2242.png,,,,,Unknown
frame_2243.png,,,,,Unknown
frame_2244.png,160,549,455,544,Center
frame_2245.png,,,,,Unknown
frame_2246.png,,,,,Unknown
frame_2247.png,,,,,Unknown
frame_2248.png,164,549,420,546,Center
frame_2249.png,,,,,Unknown
frame_2250.png,,,,,Unknown
frame_2251.png,159,546,423,543,Center
frame_2252.png,,,,,Unknown
frame_2253.png,,,,,Unknown
frame_2254.png,,,,,Unknown
frame_2255.png,,,,,Unknown
frame_2256.png,,,,,Unknown
frame_2257.png,,,,,Unknown
frame_2258.png,,,,,Unknown
frame_2259.png,,,,,Unknown
frame_2260.png,,,,,Unknown
frame_2261.png,,,,,Unknown
frame_2262.png,,,,,Unknown
frame_2263.png,157,547,422,544,Center
frame_2264.png,,,,,Unknown
frame_2265.png,,,,,Unknown
frame_2266.png,,,,,Unknown
frame_2267.png,,,,,Unknown
frame_2268.png,,,,,Unknown
frame_2269.png,,,,,Unknown
frame_2270.png,,,,,Unknown
frame_2271.png,,,,,Unknown
frame_2272.png,,,,,Unknown
frame_2273.png,,,,,Unknown
frame_2274.png,,,,,Unknown
frame_2275.png,,,,,Unknown
frame_2276.png,,,,,Unknown
frame_2277.png,,,,,Unknown
frame_2278.png,,,,,Unknown
frame_2279.png,,,,,Unknown
frame_2280.png,,,,,Unknown
frame_2281.png,,,,,Unknown
frame_2282.png,,,,,Unknown
frame_2283.png,,,,,Unknown
frame_2284.png,,,,,Unknown
frame_2285.png,,,,,Unknown
frame_2286.png,,,,,Unknown
frame_2287.png,,,,,Unknown
frame_2288.png,,,,,Unknown
frame_2289.png,,,,,Unknown
frame_2290.png,,,,,Unknown
frame_2291.png,,,,,Unknown
frame_2292.png,,,,,Unknown
frame_2293.png,,,,,Unknown
frame_2294.png,,,,,Unknown
frame_2295.png,,,,,Unknown
frame_2296.png,,,,,Unknown
frame_2297.png,,,,,Unknown
frame_2298.png,,,,,Unknown
frame_2299.png,,,,,Unknown
frame_2300.png,,,,,Unknown
frame_2301.png,,,,,Unknown
frame_2302.png,,,,,Unknown
frame_2303.png,,,,,Unknown
frame_2304.png,,,,,Unknown
frame_2305.png,163,549,453,541,Center
frame_2306.png,,,,,Unknown
frame_2307.png,,,,,Unknown
frame_2308.png,,,,,Unknown
frame_2309.png,,,,,Unknown
frame_2310.png,,,,,Unknown
frame_2311.png,,,,,Unknown
frame_2312.png,159,546,415,534,Center
frame_2313.png,154,543,418,533,Center
frame_2314.png,164,548,446,541,Center
frame_2315.png,,,,,Unknown
frame_2316.png,149,544,409,537,Center
frame_2317.png,,,,,Unknown
frame_2318.png,,,,,Unknown
frame_2319.png,,,,,Unknown
frame_2320.png,,,,,Unknown
frame_2321.png,,,,,Unknown
frame_2322.png,,,,,Unknown
frame_2323.png,,,,,Unknown
frame_2324.png,165,548,445,541,Center
frame_2325.png,,,,,Unknown
frame_2326.png,158,547,415,536,Center
frame_2327.png,157,547,427,543,Center
frame_2328.png,149,545,412,537,Center
frame_2329.png,160,551,413,546,Center
frame_2330.png,,,,,Unknown
frame_2331.png,,,,,Unknown
frame_2332.png,163,549,412,541,Center
frame_2333.png,156,549,413,540,Center
frame_2334.png,,,,,Unknown
frame_2335.png,,,,,Unknown
frame_2336.png,,,,,Unknown
frame_2337.png,151,549,398,548,Center
frame_2338.png,,,,,Unknown
frame_2339.png,,,,,Unknown
frame_2340.png,,,,,Unknown
frame_2341.png,,,,,Unknown
frame_2342.png,158,550,408,546,Center
frame_2343.png,,,,,Unknown
frame_2344.png,,,,,Unknown
frame_2345.png,157,548,422,544,Center
frame_2346.png,,,,,Unknown
frame_2347.png,,,,,Unknown
frame_2348.png,,,,,Unknown
frame_2349.png,,,,,Unknown
frame_2350.png,,,,,Unknown
frame_2351.png,,,,,Unknown
frame_2352.png,,,,,Unknown
frame_2353.png,,,,,Unknown
frame_2354.png,,,,,Unknown
frame_2355.png,,,,,Unknown
frame_2356.png,,,,,Unknown
frame_2357.png,,,,,Unknown
frame_2358.png,,,,,Unknown
frame_2359.png,,,,,Unknown
frame_2360.png,,,,,Unknown
frame_2361.png,,,,,Unknown
frame_2362.png,,,,,Unknown
frame_2363.png,,,,,Unknown
frame_2364.png,,,,,Unknown
frame_2365.png,,,,,Unknown
frame_2366.png,,,,,Unknown
frame_2367.png,,,,,Unknown
frame_2368.png,,,,,Unknown
frame_2369.png,,,,,Unknown
frame_2370.png,,,,,Unknown
frame_2371.png,,,,,Unknown
frame_2372.png,,,,,Unknown
frame_2373.png,,,,,Unknown
frame_2374.png,,,,,Unknown
frame_2375.png,,,,,Unknown
frame_2376.png,,,,,Unknown
frame_2377.png,,,,,Unknown
frame_2378.png,,,,,Unknown
frame_2379.png,,,,,Unknown
frame_2380.png,,,,,Unknown
frame_2381.png,,,,,Unknown
frame_2382.png,,,,,Unknown
frame_2383.png,,,,,Unknown
frame_2384.png,,,,,Unknown
frame_2385.png,,,,,Unknown
frame_2386.png,,,,,Unknown
frame_2387.png,,,,,Unknown
frame_2388.png,,,,,Unknown
frame_2389.png,,,,,Unknown
frame_2390.png,,,,,Unknown
frame_2391.png,,,,,Unknown
frame_2392.png,,,,,Unknown
frame_2393.png,,,,,Unknown
frame_2394.png,,,,,Unknown
frame_2395.png,,,,,Unknown
frame_2396.png,,,,,Unknown
frame_2397.png,,,,,Unknown
frame_2398.png,,,,,Unknown
frame_2399.png,,,,,Unknown
frame_2400.png,,,,,Unknown
frame_2401.png,,,,,Unknown
frame_2402.png,,,,,Unknown
frame_2403.png,,,,,Unknown
frame_2404.png,,,,,Unknown
frame_2405.png,,,,,Unknown
frame_2406.png,,,,,Unknown
frame_2407.png,,,,,Unknown
frame_2408.png,,,,,Unknown
frame_2409.png,,,,,Unknown
frame_2410.png,,,,,Unknown
frame_2411.png,,,,,Unknown
frame_2412.png,,,,,Unknown
frame_2413.png,,,,,Unknown
frame_2414.png,,,,,Unknown
frame_2415.png,149,544,415,540,Center
frame_2416.png,,,,,Unknown
frame_2417.png,,,,,Unknown
frame_2418.png,,,,,Unknown
frame_2419.png,,,,,Unknown
frame_2420.png,,,,,Unknown
frame_2421.png,,,,,Unknown
frame_2422.png,,,,,Unknown
frame_2423.png,,,,,Unknown
frame_2424.png,,,,,Unknown
frame_2425.png,,,,,Unknown
frame_2426.png,,,,,Unknown
frame_2427.png,,,,,Unknown
frame_2428.png,,,,,Unknown
frame_2429.png,,,,,Unknown
frame_2430.png,,,,,Unknown
frame_2431.png,,,,,Unknown
frame_2432.png,147,541,410,539,Center
frame_2433.png,,,,,Unknown
frame_2434.png,,,,,Unknown
frame_2435.png,,,,,Unknown
frame_2436.png,,,,,Unknown
frame_2437.png,,,,,Unknown
frame_2438.png,,,,,Unknown
frame_2439.png,,,,,Unknown
frame_2440.png,,,,,Unknown
frame_2441.png,,,,,Unknown
frame_2442.png,,,,,Unknown
frame_2443.png,,,,,Unknown
frame_2444.png,,,,,Unknown
frame_2445.png,,,,,Unknown
frame_2446.png,,,,,Unknown
frame_2447.png,,,,,Unknown
frame_2448.png,166,545,410,537,Center
frame_2449.png,,,,,Unknown
frame_2450.png,,,,,Unknown
frame_2451.png,,,,,Unknown
frame_2452.png,,,,,Unknown
frame_2453.png,,,,,Unknown
frame_2454.png,,,,,Unknown
frame_2455.png,,,,,Unknown
frame_2456.png,,,,,Unknown
frame_2457.png,,,,,Unknown
frame_2458.png,,,,,Unknown
frame_2459.png,,,,,Unknown
frame_2460.png,,,,,Unknown
frame_2461.png,,,,,Unknown
frame_2462.png,,,,,Unknown
frame_2463.png,,,,,Unknown
frame_2464.png,,,,,Unknown
frame_2465.png,,,,,Unknown
frame_2466.png,,,,,Unknown
frame_2467.png,,,,,Unknown
frame_2468.png,,,,,Unknown
frame_2469.png,,,,,Unknown
frame_2470.png,,,,,Unknown
frame_2471.png,,,,,Unknown
frame_2472.png,,,,,Unknown
frame_2473.png,,,,,Unknown
frame_2474.png,,,,,Unknown
frame_2475.png,,,,,Unknown
frame_2476.png,,,,,Unknown
frame_2477.png,,,,,Unknown
frame_2478.png,,,,,Unknown
frame_2479.png,,,,,Unknown
frame_2480.png,,,,,Unknown
frame_2481.png,,,,,Unknown
frame_2482.png,,,,,Unknown
frame_2483.png,,,,,Unknown
frame_2484.png,149,541,405,539,Center
frame_2485.png,,,,,Unknown
frame_2486.png,,,,,Unknown
frame_2487.png,,,,,Unknown
frame_2488.png,,,,,Unknown
frame_2489.png,,,,,Unknown
frame_2490.png,,,,,Unknown
frame_2491.png,,,,,Unknown
frame_2492.png,,,,,Unknown
frame_2493.png,,,,,Unknown
frame_2494.png,,,,,Unknown
frame_2495.png,,,,,Unknown
frame_2496.png,,,,,Unknown
frame_2497.png,,,,,Unknown
frame_2498.png,,,,,Unknown
frame_2499.png,,,,,Unknown
frame_2500.png,,,,,Unknown
frame_2501.png,152,543,416,538,Center
frame_2502.png,,,,,Unknown
frame_2503.png,,,,,Unknown
frame_2504.png,,,,,Unknown
frame_2505.png,,,,,Unknown
frame_2506.png,,,,,Unknown
frame_2507.png,,,,,Unknown
frame_2508.png,,,,,Unknown
frame_2509.png,,,,,Unknown
frame_2510.png,148,540,408,539,Center
frame_2511.png,,,,,Unknown
frame_2512.png,,,,,Unknown
frame_2513.png,,,,,Unknown
frame_2514.png,,,,,Unknown
frame_2515.png,160,539,404,539,Center
frame_2516.png,,,,,Unknown
frame_2517.png,152,540,411,539,Center
frame_2518.png,,,,,Unknown
frame_2519.png,,,,,Unknown
frame_2520.png,,,,,Unknown
frame_2521.png,,,,,Unknown
frame_2522.png,,,,,Unknown
frame_2523.png,,,,,Unknown
frame_2524.png,,,,,Unknown
frame_2525.png,,,,,Unknown
frame_2526.png,,,,,Unknown
frame_2527.png,,,,,Unknown
frame_2528.png,,,,,Unknown
frame_2529.png,,,,,Unknown
frame_2530.png,,,,,Unknown
frame_2531.png,,,,,Unknown
frame_2532.png,,,,,Unknown
frame_2533.png,,,,,Unknown
frame_2534.png,,,,,Unknown
frame_2535.png,,,,,Unknown
frame_2536.png,,,,,Unknown
frame_2537.png,,,,,Unknown
frame_2538.png,,,,,Unknown
frame_2539.png,,,,,Unknown
frame_2540.png,,,,,Unknown
frame_2541.png,,,,,Unknown
frame_2542.png,,,,,Unknown
frame_2543.png,,,,,Unknown
frame_2544.png,,,,,Unknown
frame_2545.png,,,,,Unknown
frame_2546.png,,,,,Unknown
frame_2547.png,,,,,Unknown
frame_2548.png,,,,,Unknown
frame_2549.png,,,,,Unknown
frame_2550.png,,,,,Unknown
frame_2551.png,,,,,Unknown
frame_2552.png,,,,,Unknown
frame_2553.png,,,,,Unknown
frame_2554.png,,,,,Unknown
frame_2555.png,,,,,Unknown
frame_2556.png,,,,,Unknown
frame_2557.png,,,,,Unknown
frame_2558.png,,,,,Unknown
frame_2559.png,,,,,Unknown
frame_2560.png,,,,,Unknown
frame_2561.png,,,,,Unknown
frame_2562.png,,,,,Unknown
frame_2563.png,,,,,Unknown
frame_2564.png,150,534,423,522,Center
frame_2565.png,,,,,Unknown
frame_2566.png,,,,,Unknown
frame_2567.png,,,,,Unknown
frame_2568.png,,,,,Unknown
frame_2569.png,,,,,Unknown
frame_2570.png,,,,,Unknown
frame_2571.png,,,,,Unknown
frame_2572.png,,,,,Unknown
frame_2573.png,,,,,Unknown
frame_2574.png,,,,,Unknown
frame_2575.png,,,,,Unknown
frame_2576.png,,,,,Unknown
frame_2577.png,,,,,Unknown
frame_2578.png,,,,,Unknown
frame_2579.png,,,,,Unknown
frame_2580.png,,,,,Unknown
frame_2581.png,,,,,Unknown
frame_2582.png,,,,,Unknown
frame_2583.png,,,,,Unknown
frame_2584.png,,,,,Unknown
frame_2585.png,,,,,Unknown
frame_2586.png,,,,,Unknown
frame_2587.png,,,,,Unknown
frame_2588.png,,,,,Unknown
frame_2589.png,,,,,Unknown
frame_2590.png,,,,,Unknown
frame_2591.png,,,,,Unknown
frame_2592.png,,,,,Unknown
frame_2593.png,,,,,Unknown
frame_2594.png,,,,,Unknown
frame_2595.png,,,,,Unknown
frame_2596.png,,,,,Unknown
frame_2597.png,,,,,Unknown
frame_2598.png,,,,,Unknown
frame_2599.png,,,,,Unknown
frame_2600.png,,,,,Unknown
frame_2601.png,,,,,Unknown
frame_2602.png,,,,,Unknown
frame_2603.png,,,,,Unknown
frame_2604.png,,,,,Unknown
frame_2605.png,,,,,Unknown
frame_2606.png,,,,,Unknown
frame_2607.png,,,,,Unknown
frame_2608.png,,,,,Unknown
frame_2609.png,,,,,Unknown
frame_2610.png,169,584,443,586,Blinking
frame_2611.png,169,584,443,586,Center
frame_2612.png,169,584,444,585,Blinking
frame_2613.png,168,583,444,585,Blinking
frame_2614.png,168,584,444,585,Blinking
frame_2615.png,168,583,445,585,Blinking
frame_2616.png,168,583,444,586,Blinking
frame_2617.png,168,585,443,586,Center
frame_2618.png,,,,,Unknown
frame_2619.png,,,,,Unknown
frame_2620.png,157,538,405,539,Center
frame_2621.png,155,536,418,537,Center
frame_2622.png,,,,,Unknown
frame_2623.png,,,,,Unknown
frame_2624.png,,,,,Unknown
frame_2625.png,,,,,Unknown
frame_2626.png,,,,,Unknown
frame_2627.png,,,,,Unknown
frame_2628.png,,,,,Unknown
frame_2629.png,,,,,Unknown
frame_2630.png,,,,,Unknown
frame_2631.png,,,,,Unknown
frame_2632.png,,,,,Unknown
frame_2633.png,,,,,Unknown
frame_2634.png,,,,,Unknown
frame_2635.png,,,,,Unknown
frame_2636.png,,,,,Unknown
frame_2637.png,,,,,Unknown
frame_2638.png,,,,,Unknown
frame_2639.png,,,,,Unknown
frame_2640.png,,,,,Unknown
frame_2641.png,,,,,Unknown
frame_2642.png,,,,,Unknown
frame_2643.png,,,,,Unknown
frame_2644.png,,,,,Unknown
frame_2645.png,,,,,Unknown
frame_2646.png,,,,,Unknown
frame_2647.png,,,,,Unknown
frame_2648.png,,,,,Unknown
frame_2649.png,156,534,421,524,Center
frame_2650.png,,,,,Unknown
frame_2651.png,,,,,Unknown
frame_2652.png,,,,,Unknown
frame_2653.png,,,,,Unknown
frame_2654.png,,,,,Unknown
frame_2655.png,164,538,419,536,Center
frame_2656.png,,,,,Unknown
frame_2657.png,,,,,Unknown
frame_2658.png,159,537,415,536,Center
frame_2659.png,,,,,Unknown
frame_2660.png,,,,,Unknown
frame_2661.png,,,,,Unknown
frame_2662.png,,,,,Unknown
frame_2663.png,,,,,Unknown
frame_2664.png,,,,,Unknown
frame_2665.png,,,,,Unknown
frame_2666.png,,,,,Unknown
frame_2667.png,,,,,Unknown
frame_2668.png,,,,,Unknown
frame_2669.png,,,,,Unknown
frame_2670.png,,,,,Unknown
frame_2671.png,,,,,Unknown
frame_2672.png,,,,,Unknown
frame_2673.png,,,,,Unknown
frame_2674.png,,,,,Unknown
frame_2675.png,,,,,Unknown
frame_2676.png,,,,,Unknown
frame_2677.png,,,,,Unknown
frame_2678.png,,,,,Unknown
frame_2679.png,,,,,Unknown
frame_2680.png,,,,,Unknown
frame_2681.png,,,,,Unknown
frame_2682.png,153,539,413,537,Center
frame_2683.png,,,,,Unknown
frame_2684.png,,,,,Unknown
frame_2685.png,,,,,Unknown
frame_2686.png,,,,,Unknown
frame_2687.png,,,,,Unknown
frame_2688.png,157,538,453,534,Center
frame_2689.png,,,,,Unknown
frame_2690.png,,,,,Unknown
frame_2691.png,,,,,Unknown
frame_2692.png,,,,,Unknown
frame_2693.png,,,,,Unknown
frame_2694.png,,,,,Unknown
frame_2695.png,,,,,Unknown
frame_2696.png,,,,,Unknown
frame_2697.png,,,,,Unknown
frame_2698.png,,,,,Unknown
frame_2699.png,,,,,Unknown
frame_2700.png,,,,,Unknown
frame_2701.png,,,,,Unknown
frame_2702.png,,,,,Unknown
frame_2703.png,,,,,Unknown
frame_2704.png,,,,,Unknown
frame_2705.png,,,,,Unknown
frame_2706.png,,,,,Unknown
frame_2707.png,,,,,Unknown
frame_2708.png,,,,,Unknown
frame_2709.png,,,,,Unknown
frame_2710.png,,,,,Unknown
frame_2711.png,,,,,Unknown
frame_2712.png,,,,,Unknown
frame_2713.png,,,,,Unknown
frame_2714.png,,,,,Unknown
frame_2715.png,,,,,Unknown
frame_2716.png,150,533,448,530,Center
frame_2717.png,,,,,Unknown
frame_2718.png,,,,,Unknown
frame_2719.png,,,,,Unknown
frame_2720.png,,,,,Unknown
frame_2721.png,,,,,Unknown
frame_2722.png,153,537,408,534,Center
frame_2723.png,,,,,Unknown
frame_2724.png,,,,,Unknown
frame_2725.png,,,,,Unknown
frame_2726.png,,,,,Unknown
frame_2727.png,,,,,Unknown
frame_2728.png,,,,,Unknown
frame_2729.png,,,,,Unknown
frame_2730.png,,,,,Unknown
frame_2731.png,,,,,Unknown
frame_2732.png,,,,,Unknown
frame_2733.png,,,,,Unknown
frame_2734.png,,,,,Unknown
frame_2735.png,,,,,Unknown
frame_2736.png,,,,,Unknown
frame_2737.png,,,,,Unknown
frame_2738.png,155,531,418,526,Center
frame_2739.png,,,,,Unknown
frame_2740.png,,,,,Unknown
frame_2741.png,,,,,Unknown
frame_2742.png,,,,,Unknown
frame_2743.png,,,,,Unknown
frame_2744.png,,,,,Unknown
frame_2745.png,,,,,Unknown
frame_2746.png,,,,,Unknown
frame_2747.png,,,,,Unknown
frame_2748.png,,,,,Unknown
frame_2749.png,,,,,Unknown
frame_2750.png,,,,,Unknown
frame_2751.png,,,,,Unknown
frame_2752.png,,,,,Unknown
frame_2753.png,,,,,Unknown
frame_2754.png,,,,,Unknown
frame_2755.png,,,,,Unknown
frame_2756.png,,,,,Unknown
frame_2757.png,,,,,Unknown
frame_2758.png,,,,,Unknown
frame_2759.png,,,,,Unknown
frame_2760.png,,,,,Unknown
frame_2761.png,,,,,Unknown
frame_2762.png,152,540,409,537,Center
frame_2763.png,,,,,Unknown
frame_2764.png,,,,,Unknown
frame_2765.png,,,,,Unknown
frame_2766.png,,,,,Unknown
frame_2767.png,,,,,Unknown
frame_2768.png,165,543,415,537,Center
frame_2769.png,,,,,Unknown
frame_2770.png,,,,,Unknown
frame_2771.png,,,,,Unknown
frame_2772.png,,,,,Unknown
frame_2773.png,,,,,Unknown
frame_2774.png,156,537,454,532,Center
frame_2775.png,,,,,Unknown
frame_2776.png,152,534,441,532,Center
frame_2777.png,,,,,Unknown
frame_2778.png,,,,,Unknown
frame_2779.png,,,,,Unknown
frame_2780.png,,,,,Unknown
frame_2781.png,,,,,Unknown
frame_2782.png,,,,,Unknown
frame_2783.png,,,,,Unknown
frame_2784.png,,,,,Unknown
frame_2785.png,,,,,Unknown
frame_2786.png,,,,,Unknown
frame_2787.png,,,,,Unknown
frame_2788.png,,,,,Unknown
frame_2789.png,,,,,Unknown
frame_2790.png,,,,,Unknown
frame_2791.png,,,,,Unknown
frame_2792.png,,,,,Unknown
frame_2793.png,,,,,Unknown
frame_2794.png,,,,,Unknown
frame_2795.png,,,,,Unknown
frame_2796.png,,,,,Unknown
frame_2797.png,,,,,Unknown
frame_2798.png,,,,,Unknown
frame_2799.png,,,,,Unknown
frame_2800.png,,,,,Unknown
frame_2801.png,,,,,Unknown
frame_2802.png,,,,,Unknown
frame_2803.png,,,,,Unknown
frame_2804.png,,,,,Unknown
frame_2805.png,,,,,Unknown
frame_2806.png,,,,,Unknown
frame_2807.png,,,,,Unknown
frame_2808.png,,,,,Unknown
frame_2809.png,,,,,Unknown
frame_2810.png,,,,,Unknown
frame_2811.png,,,,,Unknown
frame_2812.png,,,,,Unknown
frame_2813.png,,,,,Unknown
frame_2814.png,,,,,Unknown
frame_2815.png,,,,,Unknown
frame_2816.png,,,,,Unknown
frame_2817.png,,,,,Unknown
frame_2818.png,,,,,Unknown
frame_2819.png,,,,,Unknown
frame_2820.png,,,,,Unknown
frame_2821.png,,,,,Unknown
frame_2822.png,,,,,Unknown
frame_2823.png,,,,,Unknown
frame_2824.png,,,,,Unknown
frame_2825.png,,,,,Unknown
frame_2826.png,,,,,Unknown
frame_2827.png,,,,,Unknown
frame_2828.png,,,,,Unknown
frame_2829.png,166,582,439,583,Blinking
frame_2830.png,167,583,440,584,Blinking
frame_2831.png,167,582,440,584,Blinking
frame_2832.png,167,582,439,584,Blinking
frame_2833.png,167,582,440,583,Blinking
frame_2834.png,168,581,440,583,Blinking
frame_2835.png,168,582,441,583,Blinking
frame_2836.png,169,581,440,583,Blinking
frame_2837.png,168,583,441,583,Blinking
frame_2838.png,169,581,441,583,Blinking
frame_2839.png,169,583,441,583,Blinking
frame_2840.png,168,582,441,583,Blinking
frame_2841.png,167,584,440,583,Blinking
frame_2842.png,168,582,441,583,Blinking
frame_2843.png,168,581,441,583,Blinking
frame_2844.png,167,582,441,583,Blinking
frame_2845.png,168,581,440,583,Blinking
frame_2846.png,166,579,440,582,Blinking
frame_2847.png,165,579,437,582,Blinking
frame_2848.png,164,580,438,582,Left
frame_2849.png,163,581,439,582,Blinking
frame_2850.png,,,,,Unknown
frame_2851.png,164,579,437,583,Blinking
frame_2852.png,164,579,439,582,Blinking
frame_2853.png,,,,,Unknown
frame_2854.png,,,,,Unknown
frame_2855.png,,,,,Unknown
frame_2856.png,,,,,Unknown
frame_2857.png,,,,,Unknown
frame_2858.png,,,,,Unknown
frame_2859.png,,,,,Unknown
frame_2860.png,,,,,Unknown
frame_2861.png,163,583,440,585,Center
frame_2862.png,,,,,Unknown
frame_2863.png,,,,,Unknown
frame_2864.png,163,581,439,587,Left
frame_2865.png,,,,,Unknown
frame_2866.png,,,,,Unknown
frame_2867.png,,,,,Unknown
frame_2868.png,,,,,Unknown
frame_2869.png,162,586,437,589,Center
frame_2870.png,162,585,439,589,Center
frame_2871.png,,,,,Unknown
frame_2872.png,,,,,Unknown
frame_2873.png,162,583,437,587,Blinking
frame_2874.png,,,,,Unknown
frame_2875.png,,,,,Unknown
frame_2876.png,,,,,Unknown
frame_2877.png,,,,,Unknown
frame_2878.png,,,,,Unknown
frame_2879.png,,,,,Unknown
frame_2880.png,,,,,Unknown
frame_2881.png,,,,,Unknown
frame_2882.png,151,542,437,587,Center
frame_2883.png,,,,,Unknown
frame_2884.png,,,,,Unknown
frame_2885.png,,,,,Unknown
frame_2886.png,,,,,Unknown
frame_2887.png,,,,,Unknown
frame_2888.png,,,,,Unknown
frame_2889.png,,,,,Unknown
frame_2890.png,,,,,Unknown
frame_2891.png,,,,,Unknown
frame_2892.png,,,,,Unknown
frame_2893.png,,,,,Unknown
frame_2894.png,,,,,Unknown
frame_2895.png,,,,,Unknown
frame_2896.png,,,,,Unknown
frame_2897.png,,,,,Unknown
frame_2898.png,,,,,Unknown
frame_2899.png,,,,,Unknown
frame_2900.png,,,,,Unknown
frame_2901.png,,,,,Unknown
frame_2902.png,,,,,Unknown
frame_2903.png,,,,,Unknown
frame_2904.png,,,,,Unknown
frame_2905.png,,,,,Unknown
frame_2906.png,,,,,Unknown
frame_2907.png,,,,,Unknown
frame_2908.png,,,,,Unknown
frame_2909.png,,,,,Unknown
frame_2910.png,,,,,Unknown
frame_2911.png,,,,,Unknown
frame_2912.png,,,,,Unknown
frame_2913.png,,,,,Unknown
frame_2914.png,,,,,Unknown
frame_2915.png,,,,,Unknown
frame_2916.png,,,,,Unknown
frame_2917.png,,,,,Unknown
frame_2918.png,,,,,Unknown
frame_2919.png,,,,,Unknown
frame_2920.png,,,,,Unknown
frame_2921.png,,,,,Unknown
frame_2922.png,,,,,Unknown
frame_2923.png,,,,,Unknown
frame_2924.png,,,,,Unknown
frame_2925.png,,,,,Unknown
frame_2926.png,,,,,Unknown
frame_2927.png,,,,,Unknown
frame_2928.png,,,,,Unknown
frame_2929.png,,,,,Unknown
frame_2930.png,,,,,Unknown
frame_2931.png,,,,,Unknown
frame_2932.png,,,,,Unknown
frame_2933.png,,,,,Unknown
frame_2934.png,,,,,Unknown
frame_2935.png,,,,,Unknown
frame_2936.png,,,,,Unknown
frame_2937.png,,,,,Unknown
frame_2938.png,,,,,Unknown
frame_2939.png,,,,,Unknown
frame_2940.png,,,,,Unknown
frame_2941.png,,,,,Unknown
frame_2942.png,,,,,Unknown
frame_2943.png,,,,,Unknown
frame_2944.png,,,,,Unknown
frame_2945.png,,,,,Unknown
frame_2946.png,,,,,Unknown
frame_2947.png,,,,,Unknown
frame_2948.png,156,541,436,584,Center
frame_2949.png,,,,,Unknown
frame_2950.png,,,,,Unknown
frame_2951.png,,,,,Unknown
frame_2952.png,,,,,Unknown
frame_2953.png,,,,,Unknown
frame_2954.png,,,,,Unknown
frame_2955.png,,,,,Unknown
frame_2956.png,,,,,Unknown
frame_2957.png,,,,,Unknown
frame_2958.png,,,,,Unknown
frame_2959.png,,,,,Unknown
frame_2960.png,,,,,Unknown
frame_2961.png,,,,,Unknown
frame_2962.png,,,,,Unknown
frame_2963.png,,,,,Unknown
frame_2964.png,,,,,Unknown
frame_2965.png,,,,,Unknown
frame_2966.png,,,,,Unknown
frame_2967.png,,,,,Unknown
frame_2968.png,,,,,Unknown
frame_2969.png,,,,,Unknown
frame_2970.png,,,,,Unknown
frame_2971.png,,,,,Unknown
frame_2972.png,,,,,Unknown
frame_2973.png,,,,,Unknown
frame_2974.png,,,,,Unknown
frame_2975.png,,,,,Unknown
frame_2976.png,,,,,Unknown
frame_2977.png,,,,,Unknown
frame_2978.png,,,,,Unknown
frame_2979.png,161,576,441,580,Blinking
frame_2980.png,161,577,440,580,Blinking
frame_2981.png,161,576,441,580,Blinking
frame_2982.png,161,578,440,580,Blinking
frame_2983.png,161,577,442,580,Blinking
frame_2984.png,,,,,Unknown
frame_2985.png,161,579,439,583,Blinking
frame_2986.png,167,538,445,580,Center
frame_2987.png,,,,,Unknown
frame_2988.png,159,576,442,582,Center
frame_2989.png,161,576,443,580,Center
frame_2990.png,161,577,441,581,Blinking
frame_2991.png,162,577,441,581,Blinking
frame_2992.png,163,576,441,580,Blinking
frame_2993.png,163,576,441,580,Blinking
frame_2994.png,,,,,Unknown
frame_2995.png,163,574,444,578,Blinking
frame_2996.png,164,576,444,578,Blinking
frame_2997.png,164,576,443,580,Center
frame_2998.png,164,576,443,579,Blinking
frame_2999.png,164,575,443,578,Blinking
frame_3000.png,163,576,443,579,Blinking
frame_3001.png,163,575,442,579,Blinking
frame_3002.png,163,575,442,579,Blinking
frame_3003.png,163,575,442,579,Blinking
frame_3004.png,164,575,443,579,Blinking
frame_3005.png,164,575,443,581,Blinking
frame_3006.png,164,576,444,580,Blinking
frame_3007.png,163,575,445,579,Blinking
frame_3008.png,163,576,443,579,Blinking
frame_3009.png,164,576,444,579,Blinking
frame_3010.png,164,575,445,579,Blinking
frame_3011.png,164,575,444,579,Blinking
frame_3012.png,164,575,445,579,Blinking
frame_3013.png,165,576,445,579,Blinking
frame_3014.png,165,576,445,579,Blinking
frame_3015.png,165,575,445,579,Blinking
frame_3016.png,165,576,445,580,Blinking
frame_3017.png,165,575,446,579,Blinking
frame_3018.png,165,575,446,579,Blinking
frame_3019.png,165,575,446,578,Blinking
frame_3020.png,165,575,447,578,Blinking
frame_3021.png,164,575,446,579,Blinking
frame_3022.png,165,575,446,578,Blinking
frame_3023.png,165,575,446,579,Blinking
frame_3024.png,165,575,446,579,Blinking
frame_3025.png,164,576,446,579,Blinking
frame_3026.png,164,576,445,580,Blinking
frame_3027.png,164,576,444,580,Blinking
frame_3028.png,163,575,444,580,Blinking
frame_3029.png,164,575,445,580,Blinking
frame_3030.png,163,574,444,580,Blinking
frame_3031.png,163,576,443,580,Blinking
frame_3032.png,164,575,443,580,Blinking
frame_3033.png,164,576,443,580,Blinking
frame_3034.png,164,576,444,580,Blinking
frame_3035.png,165,577,445,583,Blinking
frame_3036.png,164,578,444,583,Blinking
frame_3037.png,164,577,444,582,Blinking
frame_3038.png,165,578,444,583,Blinking
frame_3039.png,166,577,445,580,Blinking
frame_3040.png,165,578,444,582,Blinking
frame_3041.png,164,578,443,582,Blinking
frame_3042.png,,,,,Unknown
frame_3043.png,163,576,444,583,Center
frame_3044.png,164,579,443,584,Center
frame_3045.png,,,,,Unknown
frame_3046.png,164,578,444,583,Center
frame_3047.png,164,577,445,582,Blinking
frame_3048.png,164,577,452,581,Blinking
frame_3049.png,164,576,450,580,Blinking
frame_3050.png,164,577,449,580,Blinking
frame_3051.png,164,577,449,580,Blinking
frame_3052.png,165,575,448,580,Blinking
frame_3053.png,166,578,446,581,Blinking
frame_3054.png,,,,,Unknown
frame_3055.png,,,,,Unknown
frame_3056.png,,,,,Unknown
frame_3057.png,,,,,Unknown
frame_3058.png,,,,,Unknown
frame_3059.png,,,,,Unknown
frame_3060.png,,,,,Unknown
frame_3061.png,,,,,Unknown
frame_3062.png,,,,,Unknown
frame_3063.png,,,,,Unknown
frame_3064.png,,,,,Unknown
frame_3065.png,,,,,Unknown
frame_3066.png,,,,,Unknown
frame_3067.png,,,,,Unknown
frame_3068.png,,,,,Unknown
frame_3069.png,,,,,Unknown
frame_3070.png,,,,,Unknown
frame_3071.png,,,,,Unknown
frame_3072.png,,,,,Unknown
frame_3073.png,,,,,Unknown
frame_3074.png,,,,,Unknown
frame_3075.png,,,,,Unknown
frame_3076.png,,,,,Unknown
frame_3077.png,,,,,Unknown
frame_3078.png,,,,,Unknown
frame_3079.png,,,,,Unknown
frame_3080.png,,,,,Unknown
frame_3081.png,,,,,Unknown
frame_3082.png,,,,,Unknown
frame_3083.png,,,,,Unknown
frame_3084.png,,,,,Unknown
frame_3085.png,,,,,Unknown
frame_3086.png,,,,,Unknown
frame_3087.png,,,,,Unknown
frame_3088.png,,,,,Unknown
frame_3089.png,,,,,Unknown
frame_3090.png,,,,,Unknown
frame_3091.png,,,,,Unknown
frame_3092.png,,,,,Unknown
frame_3093.png,,,,,Unknown
frame_3094.png,,,,,Unknown
frame_3095.png,,,,,Unknown
frame_3096.png,,,,,Unknown
frame_3097.png,,,,,Unknown
frame_3098.png,,,,,Unknown
frame_3099.png,,,,,Unknown
frame_3100.png,,,,,Unknown
frame_3101.png,,,,,Unknown
frame_3102.png,,,,,Unknown
frame_3103.png,,,,,Unknown
frame_3104.png,,,,,Unknown
frame_3105.png,,,,,Unknown
frame_3106.png,,,,,Unknown
frame_3107.png,,,,,Unknown
frame_3108.png,,,,,Unknown
frame_3109.png,,,,,Unknown
frame_3110.png,,,,,Unknown
frame_3111.png,,,,,Unknown
frame_3112.png,,,,,Unknown
frame_3113.png,,,,,Unknown
frame_3114.png,,,,,Unknown
frame_3115.png,,,,,Unknown
frame_3116.png,,,,,Unknown
frame_3117.png,,,,,Unknown
frame_3118.png,,,,,Unknown
frame_3119.png,,,,,Unknown
frame_3120.png,,,,,Unknown
frame_3121.png,,,,,Unknown
frame_3122.png,,,,,Unknown
frame_3123.png,,,,,Unknown
frame_3124.png,,,,,Unknown
frame_3125.png,,,,,Unknown
frame_3126.png,,,,,Unknown
frame_3127.png,,,,,Unknown
frame_3128.png,,,,,Unknown
frame_3129.png,,,,,Unknown
frame_3130.png,,,,,Unknown
frame_3131.png,,,,,Unknown
frame_3132.png,,,,,Unknown
frame_3133.png,,,,,Unknown
frame_3134.png,,,,,Unknown
frame_3135.png,,,,,Unknown
frame_3136.png,,,,,Unknown
frame_3137.png,,,,,Unknown
frame_3138.png,,,,,Unknown
frame_3139.png,,,,,Unknown
frame_3140.png,,,,,Unknown
frame_3141.png,,,,,Unknown
frame_3142.png,,,,,Unknown
frame_3143.png,,,,,Unknown
frame_3144.png,,,,,Unknown
frame_3145.png,,,,,Unknown
frame_3146.png,,,,,Unknown
frame_3147.png,,,,,Unknown
frame_3148.png,,,,,Unknown
frame_3149.png,,,,,Unknown
frame_3150.png,,,,,Unknown
frame_3151.png,,,,,Unknown
frame_3152.png,,,,,Unknown
frame_3153.png,,,,,Unknown
frame_3154.png,161,534,451,532,Center
frame_3155.png,,,,,Unknown
frame_3156.png,156,533,422,526,Center
frame_3157.png,,,,,Unknown
frame_3158.png,,,,,Unknown
frame_3159.png,,,,,Unknown
frame_3160.png,,,,,Unknown
frame_3161.png,,,,,Unknown
frame_3162.png,,,,,Unknown
frame_3163.png,,,,,Unknown
frame_3164.png,,,,,Unknown
frame_3165.png,,,,,Unknown
frame_3166.png,,,,,Unknown
frame_3167.png,,,,,Unknown
frame_3168.png,,,,,Unknown
frame_3169.png,,,,,Unknown
frame_3170.png,,,,,Unknown
frame_3171.png,,,,,Unknown
frame_3172.png,,,,,Unknown
frame_3173.png,,,,,Unknown
frame_3174.png,,,,,Unknown
