Image Filename,Left Pupil X,Left Pupil Y,Right Pupil X,Right Pupil Y,Gaze Direction
frame_0.png,181,302,406,287,Blinking
frame_1.png,181,304,407,288,Blinking
frame_2.png,181,306,406,290,Blinking
frame_3.png,180,307,406,291,Blinking
frame_4.png,180,308,405,292,Blinking
frame_5.png,178,306,405,291,Blinking
frame_6.png,178,306,403,291,Blinking
frame_7.png,177,307,403,292,Blinking
frame_8.png,178,308,402,293,Blinking
frame_9.png,177,307,402,293,Blinking
frame_10.png,176,307,402,292,Blinking
frame_11.png,176,306,402,291,Blinking
frame_12.png,177,306,402,291,Blinking
frame_13.png,176,305,402,290,Blinking
frame_14.png,177,305,402,290,Blinking
frame_15.png,177,306,402,291,Blinking
frame_16.png,178,306,403,291,Blinking
frame_17.png,178,307,403,291,Blinking
frame_18.png,177,309,402,294,Blinking
frame_19.png,177,311,401,296,Blinking
frame_20.png,177,311,401,296,Blinking
frame_21.png,176,310,400,296,Blinking
frame_22.png,176,312,400,296,Blinking
frame_23.png,176,311,400,297,Blinking
frame_24.png,177,312,401,296,Blinking
frame_25.png,178,311,403,295,Blinking
frame_26.png,176,309,401,294,Blinking
frame_27.png,175,310,400,294,Blinking
frame_28.png,175,310,400,296,Blinking
frame_29.png,176,312,400,297,Blinking
frame_30.png,176,313,400,298,Blinking
frame_31.png,176,313,399,298,Blinking
frame_32.png,175,313,399,298,Blinking
frame_33.png,174,315,397,299,Blinking
frame_34.png,172,314,396,299,Blinking
frame_35.png,173,314,396,299,Blinking
frame_36.png,172,314,396,298,Blinking
frame_37.png,171,313,396,298,Blinking
frame_38.png,170,312,395,297,Blinking
frame_39.png,170,313,395,298,Blinking
frame_40.png,170,314,394,299,Blinking
frame_41.png,169,313,394,298,Blinking
frame_42.png,170,313,395,298,Blinking
frame_43.png,170,313,395,297,Blinking
frame_44.png,171,313,395,298,Blinking
frame_45.png,172,314,396,298,Blinking
frame_46.png,172,313,396,298,Blinking
frame_47.png,171,314,396,298,Blinking
frame_48.png,172,314,397,299,Blinking
frame_49.png,172,313,396,299,Blinking
frame_50.png,173,313,397,299,Blinking
frame_51.png,173,313,397,299,Blinking
frame_52.png,172,313,397,298,Blinking
frame_53.png,171,311,397,297,Blinking
frame_54.png,171,311,397,296,Blinking
frame_55.png,172,311,397,296,Blinking
frame_56.png,172,311,398,296,Blinking
frame_57.png,173,313,398,297,Blinking
frame_58.png,174,313,399,298,Blinking
frame_59.png,175,313,399,298,Blinking
frame_60.png,174,311,400,297,Blinking
frame_61.png,178,313,403,296,Blinking
frame_62.png,178,313,403,297,Blinking
frame_63.png,177,317,401,300,Blinking
frame_64.png,175,318,400,302,Blinking
frame_65.png,173,318,398,302,Blinking
frame_66.png,174,320,397,303,Blinking
frame_67.png,174,319,398,303,Blinking
frame_68.png,175,319,399,303,Blinking
frame_69.png,173,319,398,303,Blinking
frame_70.png,174,321,399,305,Blinking
frame_71.png,174,322,399,305,Blinking
frame_72.png,173,323,399,306,Blinking
frame_73.png,174,323,399,307,Blinking
frame_74.png,174,323,399,307,Blinking
frame_75.png,173,324,398,307,Blinking
frame_76.png,171,325,396,308,Blinking
frame_77.png,170,324,395,308,Blinking
frame_78.png,170,324,395,308,Blinking
frame_79.png,170,324,395,307,Blinking
frame_80.png,170,323,395,307,Blinking
frame_81.png,170,323,395,306,Blinking
frame_82.png,169,322,394,306,Blinking
frame_83.png,168,321,393,305,Blinking
frame_84.png,168,322,392,306,Blinking
frame_85.png,166,320,391,305,Blinking
frame_86.png,164,321,389,304,Blinking
frame_87.png,163,320,388,304,Blinking
frame_88.png,162,318,388,302,Blinking
frame_89.png,159,316,386,302,Blinking
frame_90.png,159,316,384,300,Blinking
frame_91.png,159,314,385,298,Blinking
frame_92.png,159,312,385,297,Blinking
frame_93.png,159,312,384,296,Blinking
frame_94.png,158,311,383,296,Blinking
frame_95.png,155,310,380,294,Blinking
frame_96.png,155,310,381,295,Blinking
frame_97.png,156,312,381,296,Blinking
frame_98.png,156,311,381,296,Blinking
frame_99.png,156,310,382,294,Blinking
frame_100.png,157,309,382,294,Blinking
frame_101.png,158,308,384,293,Blinking
frame_102.png,158,307,384,292,Blinking
frame_103.png,158,308,383,292,Blinking
frame_104.png,157,307,383,292,Blinking
frame_105.png,157,307,383,292,Blinking
frame_106.png,157,307,383,292,Blinking
frame_107.png,157,307,383,291,Blinking
frame_108.png,157,306,382,290,Blinking
frame_109.png,158,306,384,291,Blinking
frame_110.png,158,307,383,291,Blinking
frame_111.png,158,308,384,291,Blinking
frame_112.png,159,307,385,292,Blinking
frame_113.png,158,304,384,289,Blinking
frame_114.png,158,305,383,290,Blinking
frame_115.png,157,304,383,289,Blinking
frame_116.png,156,305,382,289,Blinking
frame_117.png,156,301,382,286,Blinking
frame_118.png,157,296,382,281,Blinking
frame_119.png,158,290,384,275,Blinking
frame_120.png,159,286,385,270,Blinking
frame_121.png,158,287,385,270,Blinking
frame_122.png,158,289,385,272,Blinking
frame_123.png,157,291,383,275,Blinking
frame_124.png,157,293,383,277,Blinking
frame_125.png,157,295,383,279,Blinking
frame_126.png,158,295,383,278,Blinking
frame_127.png,158,295,384,279,Blinking
frame_128.png,158,296,384,279,Blinking
frame_129.png,159,298,385,281,Blinking
frame_130.png,158,299,384,282,Blinking
frame_131.png,157,301,384,284,Blinking
frame_132.png,158,302,383,285,Blinking
frame_133.png,158,301,384,285,Blinking
frame_134.png,157,301,383,286,Blinking
frame_135.png,157,304,382,288,Blinking
frame_136.png,156,304,382,289,Blinking
frame_137.png,156,305,382,289,Blinking
frame_138.png,157,307,382,291,Blinking
frame_139.png,156,307,382,292,Blinking
frame_140.png,156,309,382,293,Blinking
frame_141.png,156,309,382,293,Blinking
frame_142.png,157,310,383,293,Blinking
frame_143.png,157,310,382,294,Blinking
frame_144.png,159,312,383,296,Blinking
frame_145.png,162,313,387,297,Blinking
frame_146.png,161,312,386,295,Blinking
frame_147.png,161,313,385,296,Blinking
frame_148.png,161,312,386,296,Blinking
frame_149.png,160,312,386,297,Blinking
frame_150.png,158,312,383,296,Blinking
frame_151.png,157,313,381,296,Blinking
frame_152.png,156,313,381,296,Blinking
frame_153.png,157,313,381,296,Blinking
frame_154.png,158,314,382,297,Blinking
frame_155.png,158,315,382,298,Blinking
frame_156.png,158,315,382,298,Blinking
frame_157.png,157,315,382,298,Blinking
frame_158.png,157,315,382,298,Blinking
frame_159.png,160,317,384,300,Blinking
frame_160.png,159,318,384,301,Blinking
frame_161.png,160,318,385,301,Blinking
frame_162.png,161,320,385,302,Blinking
frame_163.png,162,320,386,303,Blinking
frame_164.png,162,320,387,302,Blinking
frame_165.png,161,319,387,302,Blinking
frame_166.png,162,318,387,301,Blinking
frame_167.png,160,318,385,301,Blinking
frame_168.png,159,318,385,301,Blinking
frame_169.png,160,318,385,301,Blinking
frame_170.png,160,319,384,301,Blinking
frame_171.png,160,320,385,302,Blinking
frame_172.png,159,319,385,302,Blinking
frame_173.png,159,319,384,302,Blinking
frame_174.png,160,318,385,302,Blinking
frame_175.png,160,322,385,305,Blinking
frame_176.png,157,322,382,305,Blinking
frame_177.png,157,323,381,306,Blinking
frame_178.png,156,322,381,305,Blinking
frame_179.png,156,321,381,303,Blinking
frame_180.png,156,322,381,304,Blinking
frame_181.png,156,323,381,305,Blinking
frame_182.png,156,322,381,305,Blinking
frame_183.png,158,323,381,305,Blinking
frame_184.png,157,324,382,306,Blinking
frame_185.png,157,324,382,307,Blinking
frame_186.png,157,324,383,306,Blinking
frame_187.png,156,322,383,305,Blinking
frame_188.png,158,323,383,306,Blinking
frame_189.png,158,323,383,306,Blinking
frame_190.png,157,324,383,307,Blinking
frame_191.png,157,326,382,310,Blinking
frame_192.png,158,327,382,311,Blinking
frame_193.png,158,327,383,311,Blinking
frame_194.png,157,328,382,311,Blinking
frame_195.png,158,330,383,313,Blinking
frame_196.png,158,330,382,312,Blinking
frame_197.png,158,329,383,312,Blinking
frame_198.png,159,330,383,312,Blinking
frame_199.png,159,330,383,313,Blinking
frame_200.png,158,332,383,314,Blinking
frame_201.png,159,333,383,315,Blinking
frame_202.png,158,333,382,316,Center
frame_203.png,160,333,383,316,Blinking
frame_204.png,160,335,384,318,Blinking
frame_205.png,160,336,384,320,Blinking
frame_206.png,161,337,384,319,Blinking
frame_207.png,160,336,385,319,Blinking
frame_208.png,161,336,385,319,Center
frame_209.png,160,336,384,319,Blinking
frame_210.png,160,334,384,318,Center
frame_211.png,159,335,384,318,Blinking
frame_212.png,159,334,384,318,Blinking
frame_213.png,160,335,384,317,Blinking
frame_214.png,159,334,383,318,Blinking
frame_215.png,159,335,383,317,Blinking
frame_216.png,160,333,384,317,Blinking
frame_217.png,160,334,384,317,Blinking
frame_218.png,161,334,384,317,Blinking
frame_219.png,160,333,384,316,Blinking
frame_220.png,160,333,383,316,Blinking
frame_221.png,160,332,383,316,Blinking
frame_222.png,159,333,383,316,Blinking
frame_223.png,158,333,383,315,Blinking
frame_224.png,158,333,382,315,Center
frame_225.png,158,333,382,316,Blinking
frame_226.png,157,332,381,315,Blinking
frame_227.png,156,330,381,314,Blinking
frame_228.png,156,332,381,314,Blinking
frame_229.png,157,332,381,315,Blinking
frame_230.png,155,331,380,314,Blinking
frame_231.png,155,331,380,314,Blinking
frame_232.png,156,331,380,314,Blinking
frame_233.png,155,330,380,314,Blinking
frame_234.png,155,330,380,313,Blinking
frame_235.png,154,330,379,313,Blinking
frame_236.png,154,330,379,313,Blinking
frame_237.png,155,331,379,313,Blinking
frame_238.png,155,331,379,313,Blinking
frame_239.png,155,330,379,313,Blinking
frame_240.png,154,330,380,313,Blinking
frame_241.png,154,329,380,311,Blinking
frame_242.png,155,328,380,311,Blinking
frame_243.png,155,328,380,311,Blinking
frame_244.png,155,328,380,311,Blinking
frame_245.png,155,328,379,311,Blinking
frame_246.png,155,328,380,311,Blinking
frame_247.png,155,327,380,310,Blinking
frame_248.png,155,327,380,309,Blinking
frame_249.png,154,326,380,309,Blinking
frame_250.png,155,328,380,310,Blinking
frame_251.png,154,328,380,311,Blinking
frame_252.png,155,329,381,312,Blinking
frame_253.png,156,330,380,313,Blinking
frame_254.png,155,328,380,312,Blinking
frame_255.png,154,329,379,312,Blinking
frame_256.png,154,329,379,311,Blinking
frame_257.png,153,328,379,311,Center
frame_258.png,154,328,379,311,Blinking
frame_259.png,155,329,380,311,Blinking
frame_260.png,155,330,380,311,Blinking
frame_261.png,155,329,380,311,Blinking
frame_262.png,155,329,380,311,Blinking
frame_263.png,156,329,381,311,Center
frame_264.png,157,329,382,311,Blinking
frame_265.png,157,328,382,310,Blinking
frame_266.png,157,327,382,310,Blinking
frame_267.png,156,328,382,310,Blinking
frame_268.png,156,328,382,310,Blinking
frame_269.png,156,328,381,311,Blinking
frame_270.png,156,329,381,311,Blinking
frame_271.png,157,329,381,311,Blinking
frame_272.png,158,330,382,312,Blinking
frame_273.png,155,329,380,312,Blinking
frame_274.png,155,330,380,312,Blinking
frame_275.png,155,330,380,313,Blinking
frame_276.png,156,331,380,313,Blinking
frame_277.png,155,331,379,313,Blinking
frame_278.png,155,331,380,314,Blinking
frame_279.png,154,331,380,313,Blinking
frame_280.png,155,331,379,313,Blinking
frame_281.png,155,331,379,313,Blinking
frame_282.png,155,332,379,314,Blinking
frame_283.png,156,334,380,315,Blinking
frame_284.png,155,333,380,315,Blinking
frame_285.png,155,333,380,315,Blinking
frame_286.png,155,333,380,314,Blinking
frame_287.png,155,331,379,314,Blinking
frame_288.png,155,332,379,314,Blinking
frame_289.png,154,332,379,314,Blinking
frame_290.png,154,332,379,314,Blinking
frame_291.png,155,332,379,314,Blinking
frame_292.png,154,332,379,314,Blinking
frame_293.png,154,332,379,314,Blinking
frame_294.png,155,333,379,314,Blinking
frame_295.png,155,332,379,314,Blinking
frame_296.png,155,332,380,315,Blinking
frame_297.png,155,332,380,314,Blinking
frame_298.png,155,330,380,313,Blinking
frame_299.png,157,331,380,313,Blinking
frame_300.png,156,330,380,313,Blinking
frame_301.png,156,331,381,313,Blinking
frame_302.png,155,330,380,312,Blinking
frame_303.png,154,329,380,312,Blinking
frame_304.png,155,329,380,311,Blinking
frame_305.png,154,328,380,310,Blinking
frame_306.png,155,328,380,311,Blinking
frame_307.png,156,330,380,313,Blinking
frame_308.png,157,332,381,314,Blinking
frame_309.png,156,331,381,313,Blinking
frame_310.png,156,330,381,312,Blinking
frame_311.png,155,329,381,311,Blinking
frame_312.png,156,329,381,311,Blinking
frame_313.png,156,329,381,311,Blinking
frame_314.png,157,330,383,311,Blinking
frame_315.png,157,328,382,311,Blinking
frame_316.png,157,326,382,309,Blinking
frame_317.png,157,326,382,308,Blinking
frame_318.png,157,325,381,308,Blinking
frame_319.png,155,326,381,309,Blinking
frame_320.png,155,325,380,308,Blinking
frame_321.png,155,327,380,309,Blinking
frame_322.png,155,329,381,310,Blinking
frame_323.png,155,328,380,311,Blinking
frame_324.png,156,328,380,311,Blinking
frame_325.png,155,329,379,312,Blinking
frame_326.png,155,329,380,312,Blinking
frame_327.png,156,330,380,312,Blinking
frame_328.png,156,331,380,312,Blinking
frame_329.png,156,331,381,313,Blinking
frame_330.png,156,330,380,312,Blinking
frame_331.png,156,331,381,313,Blinking
frame_332.png,156,331,380,313,Blinking
frame_333.png,156,332,380,313,Blinking
frame_334.png,154,331,379,313,Blinking
frame_335.png,155,332,379,313,Blinking
frame_336.png,156,334,379,315,Blinking
frame_337.png,156,335,365,318,Blinking
frame_338.png,156,333,377,315,Blinking
frame_339.png,156,333,378,315,Blinking
frame_340.png,156,332,379,314,Blinking
frame_341.png,156,333,379,314,Blinking
frame_342.png,156,333,379,314,Blinking
frame_343.png,155,332,379,314,Blinking
frame_344.png,155,331,379,313,Blinking
frame_345.png,156,328,380,311,Blinking
frame_346.png,156,329,381,311,Blinking
frame_347.png,156,328,381,310,Blinking
frame_348.png,157,328,381,311,Blinking
frame_349.png,156,329,381,311,Blinking
frame_350.png,154,323,379,306,Blinking
frame_351.png,153,323,378,306,Blinking
frame_352.png,152,324,378,307,Blinking
frame_353.png,154,324,379,307,Blinking
frame_354.png,153,325,379,307,Blinking
frame_355.png,153,326,378,308,Blinking
frame_356.png,154,324,378,306,Blinking
frame_357.png,152,323,378,305,Blinking
frame_358.png,152,323,378,305,Blinking
frame_359.png,152,320,378,302,Blinking
frame_360.png,155,318,380,301,Blinking
frame_361.png,157,316,383,299,Blinking
frame_362.png,160,319,384,301,Blinking
frame_363.png,157,321,383,304,Blinking
frame_364.png,156,321,383,304,Blinking
frame_365.png,156,320,382,302,Blinking
frame_366.png,156,319,382,302,Blinking
frame_367.png,157,319,383,301,Blinking
frame_368.png,159,318,384,302,Blinking
frame_369.png,161,321,386,304,Blinking
frame_370.png,159,321,385,305,Blinking
frame_371.png,159,321,384,303,Blinking
frame_372.png,157,321,382,303,Blinking
frame_373.png,157,323,382,305,Blinking
frame_374.png,157,326,382,307,Blinking
frame_375.png,155,326,381,308,Blinking
frame_376.png,155,325,379,308,Blinking
frame_377.png,151,324,378,307,Blinking
frame_378.png,151,325,377,307,Blinking
frame_379.png,151,325,377,307,Blinking
frame_380.png,151,325,376,308,Blinking
frame_381.png,150,325,375,308,Blinking
frame_382.png,150,326,375,308,Blinking
frame_383.png,150,327,375,309,Blinking
frame_384.png,150,327,375,309,Blinking
frame_385.png,149,326,375,308,Blinking
frame_386.png,150,326,375,308,Blinking
frame_387.png,150,324,375,307,Blinking
frame_388.png,151,326,376,308,Blinking
frame_389.png,150,325,376,308,Blinking
frame_390.png,151,325,376,307,Blinking
frame_391.png,151,324,377,306,Blinking
frame_392.png,152,325,377,306,Blinking
frame_393.png,152,324,377,306,Blinking
frame_394.png,152,324,377,307,Blinking
frame_395.png,152,325,377,307,Blinking
frame_396.png,152,324,377,306,Blinking
frame_397.png,152,324,377,306,Blinking
frame_398.png,153,324,378,306,Blinking
frame_399.png,153,324,378,306,Blinking
frame_400.png,153,323,377,306,Blinking
frame_401.png,152,322,377,304,Blinking
frame_402.png,151,321,376,303,Blinking
frame_403.png,152,321,377,303,Blinking
frame_404.png,152,321,377,303,Blinking
frame_405.png,154,321,378,303,Blinking
frame_406.png,155,320,380,302,Blinking
frame_407.png,156,320,381,302,Blinking
frame_408.png,156,320,381,302,Blinking
frame_409.png,157,318,381,300,Blinking
frame_410.png,156,317,382,300,Blinking
frame_411.png,158,317,384,299,Blinking
frame_412.png,158,317,383,299,Blinking
frame_413.png,159,317,384,299,Blinking
frame_414.png,158,315,384,298,Blinking
frame_415.png,159,316,385,298,Blinking
frame_416.png,159,316,385,297,Blinking
frame_417.png,161,315,386,298,Blinking
frame_418.png,161,315,387,297,Blinking
frame_419.png,162,314,388,297,Blinking
frame_420.png,163,315,388,297,Blinking
frame_421.png,163,314,388,297,Blinking
frame_422.png,164,315,389,297,Blinking
frame_423.png,166,316,390,297,Blinking
frame_424.png,166,316,390,299,Blinking
frame_425.png,166,319,390,301,Blinking
frame_426.png,164,319,390,301,Blinking
frame_427.png,165,318,390,301,Blinking
frame_428.png,165,318,390,300,Blinking
frame_429.png,166,318,391,300,Blinking
frame_430.png,167,318,392,300,Blinking
frame_431.png,167,319,392,300,Blinking
frame_432.png,168,318,393,301,Blinking
frame_433.png,168,318,393,301,Blinking
frame_434.png,168,319,393,301,Blinking
frame_435.png,168,320,393,302,Blinking
frame_436.png,169,321,393,303,Blinking
frame_437.png,167,321,392,302,Blinking
frame_438.png,167,321,392,303,Blinking
frame_439.png,167,322,392,303,Blinking
frame_440.png,168,323,392,304,Blinking
frame_441.png,167,323,392,304,Blinking
frame_442.png,168,322,391,304,Blinking
frame_443.png,167,320,393,303,Blinking
frame_444.png,169,322,393,303,Blinking
frame_445.png,168,321,393,303,Blinking
frame_446.png,168,321,392,304,Blinking
frame_447.png,170,322,393,304,Blinking
frame_448.png,168,321,394,302,Blinking
frame_449.png,169,319,394,302,Blinking
frame_450.png,169,320,394,301,Blinking
frame_451.png,169,319,393,302,Blinking
frame_452.png,170,320,394,302,Blinking
frame_453.png,170,319,396,301,Blinking
frame_454.png,170,319,396,301,Blinking
frame_455.png,172,321,396,301,Blinking
frame_456.png,172,318,397,300,Blinking
frame_457.png,173,317,398,299,Blinking
frame_458.png,173,317,398,299,Blinking
frame_459.png,173,318,397,299,Blinking
frame_460.png,174,318,398,299,Blinking
frame_461.png,174,316,399,298,Blinking
frame_462.png,175,317,400,298,Blinking
frame_463.png,175,317,400,298,Blinking
frame_464.png,176,318,400,299,Blinking
frame_465.png,176,318,401,299,Blinking
frame_466.png,176,318,402,299,Blinking
frame_467.png,177,318,402,299,Blinking
frame_468.png,177,317,402,299,Blinking
frame_469.png,177,316,402,299,Blinking
frame_470.png,178,315,403,297,Blinking
frame_471.png,178,316,404,297,Blinking
frame_472.png,179,317,404,298,Blinking
frame_473.png,179,316,405,298,Blinking
frame_474.png,179,315,405,298,Blinking
frame_475.png,179,316,405,298,Blinking
frame_476.png,178,316,404,297,Blinking
frame_477.png,180,318,404,298,Blinking
frame_478.png,179,318,404,299,Blinking
frame_479.png,179,318,404,299,Blinking
frame_480.png,177,319,403,300,Blinking
frame_481.png,180,319,404,300,Blinking
frame_482.png,181,322,404,303,Blinking
frame_483.png,179,322,403,303,Blinking
frame_484.png,179,322,404,304,Blinking
frame_485.png,179,323,404,303,Blinking
frame_486.png,179,323,404,303,Blinking
frame_487.png,180,323,404,304,Blinking
frame_488.png,180,323,405,303,Blinking
frame_489.png,180,324,405,305,Blinking
frame_490.png,181,324,405,305,Blinking
frame_491.png,182,324,406,305,Blinking
frame_492.png,181,324,405,305,Blinking
frame_493.png,181,324,405,305,Blinking
frame_494.png,181,325,405,305,Blinking
frame_495.png,180,325,405,306,Blinking
frame_496.png,181,326,404,307,Blinking
frame_497.png,180,325,405,306,Blinking
frame_498.png,180,326,404,306,Blinking
frame_499.png,180,326,404,307,Blinking
frame_500.png,180,326,404,307,Blinking
frame_501.png,180,326,404,306,Blinking
frame_502.png,180,326,405,306,Blinking
frame_503.png,181,326,405,307,Blinking
frame_504.png,180,326,404,307,Blinking
frame_505.png,180,326,404,306,Blinking
frame_506.png,181,326,405,307,Blinking
frame_507.png,180,324,405,306,Blinking
frame_508.png,181,324,404,306,Blinking
frame_509.png,182,326,405,306,Blinking
frame_510.png,182,327,406,307,Blinking
frame_511.png,181,326,405,307,Blinking
frame_512.png,182,328,405,308,Blinking
frame_513.png,182,328,407,309,Blinking
frame_514.png,180,326,405,307,Blinking
frame_515.png,181,327,406,307,Blinking
frame_516.png,181,326,406,307,Blinking
frame_517.png,181,326,405,307,Blinking
frame_518.png,181,325,406,306,Blinking
frame_519.png,182,326,406,306,Blinking
frame_520.png,181,325,405,306,Blinking
frame_521.png,181,326,405,306,Blinking
frame_522.png,182,326,405,306,Blinking
frame_523.png,182,326,406,306,Blinking
frame_524.png,183,327,405,307,Blinking
frame_525.png,183,327,406,307,Blinking
frame_526.png,183,322,407,304,Blinking
frame_527.png,183,323,407,304,Blinking
frame_528.png,183,323,407,304,Blinking
frame_529.png,182,322,407,302,Blinking
frame_530.png,183,321,408,302,Blinking
frame_531.png,183,321,408,303,Blinking
frame_532.png,183,320,408,302,Blinking
frame_533.png,185,319,408,301,Blinking
frame_534.png,186,320,410,300,Blinking
frame_535.png,186,319,411,300,Blinking
frame_536.png,186,320,411,300,Blinking
frame_537.png,186,320,412,301,Blinking
frame_538.png,187,321,413,302,Blinking
frame_539.png,187,321,413,302,Blinking
frame_540.png,189,323,414,303,Blinking
frame_541.png,189,324,414,305,Blinking
frame_542.png,189,325,414,305,Blinking
frame_543.png,189,325,414,306,Blinking
frame_544.png,187,324,413,305,Blinking
frame_545.png,188,325,413,305,Blinking
frame_546.png,188,326,411,306,Blinking
frame_547.png,188,327,411,308,Blinking
frame_548.png,188,328,411,308,Blinking
frame_549.png,188,328,411,308,Blinking
frame_550.png,188,327,411,308,Blinking
frame_551.png,187,328,410,308,Blinking
frame_552.png,187,330,410,310,Blinking
frame_553.png,187,331,410,310,Blinking
frame_554.png,186,330,409,311,Blinking
frame_555.png,186,332,409,311,Blinking
frame_556.png,185,331,409,311,Blinking
frame_557.png,186,332,408,311,Blinking
frame_558.png,187,331,410,312,Blinking
frame_559.png,187,331,410,312,Blinking
frame_560.png,186,331,410,312,Blinking
frame_561.png,187,332,410,312,Blinking
frame_562.png,187,332,410,311,Blinking
frame_563.png,187,331,410,311,Blinking
frame_564.png,186,332,409,312,Blinking
frame_565.png,187,332,409,312,Blinking
frame_566.png,188,331,410,311,Blinking
frame_567.png,189,328,412,308,Blinking
frame_568.png,190,328,414,309,Blinking
frame_569.png,191,327,415,308,Blinking
frame_570.png,192,326,416,306,Blinking
frame_571.png,191,325,416,305,Blinking
frame_572.png,192,326,416,306,Blinking
frame_573.png,191,327,415,306,Blinking
frame_574.png,190,326,415,306,Blinking
frame_575.png,190,325,415,306,Blinking
frame_576.png,190,326,415,306,Blinking
frame_577.png,190,325,414,306,Blinking
frame_578.png,191,326,415,306,Blinking
frame_579.png,191,325,415,306,Blinking
frame_580.png,191,326,414,306,Blinking
frame_581.png,191,328,415,307,Blinking
frame_582.png,191,326,415,307,Blinking
frame_583.png,191,326,414,307,Blinking
frame_584.png,191,327,415,307,Blinking
frame_585.png,190,325,414,306,Blinking
frame_586.png,190,325,414,306,Blinking
frame_587.png,189,325,414,305,Blinking
frame_588.png,190,326,413,306,Blinking
frame_589.png,190,325,414,306,Blinking
frame_590.png,190,325,414,305,Blinking
frame_591.png,192,323,415,305,Blinking
frame_592.png,195,316,419,298,Blinking
frame_593.png,195,315,419,296,Blinking
frame_594.png,194,314,420,296,Blinking
frame_595.png,194,316,419,296,Blinking
frame_596.png,194,316,419,297,Blinking
frame_597.png,194,316,420,297,Blinking
frame_598.png,194,316,419,298,Blinking
frame_599.png,193,316,419,297,Blinking
frame_600.png,194,316,420,297,Blinking
frame_601.png,194,315,420,297,Blinking
frame_602.png,194,317,420,297,Blinking
frame_603.png,195,317,420,298,Blinking
frame_604.png,195,317,420,298,Blinking
frame_605.png,195,317,420,298,Blinking
frame_606.png,196,318,420,299,Blinking
frame_607.png,195,319,420,300,Blinking
frame_608.png,199,319,423,301,Blinking
frame_609.png,200,321,426,301,Blinking
frame_610.png,200,321,425,301,Blinking
frame_611.png,200,321,425,302,Blinking
frame_612.png,199,322,426,302,Blinking
frame_613.png,200,322,425,303,Blinking
frame_614.png,199,322,425,303,Blinking
frame_615.png,199,323,424,303,Blinking
frame_616.png,197,322,422,303,Blinking
frame_617.png,196,323,421,303,Blinking
frame_618.png,196,323,422,303,Blinking
frame_619.png,196,323,422,304,Blinking
frame_620.png,196,324,422,304,Blinking
frame_621.png,195,323,421,305,Blinking
frame_622.png,195,325,421,306,Blinking
frame_623.png,196,324,421,305,Blinking
frame_624.png,196,324,422,305,Blinking
frame_625.png,196,325,422,305,Blinking
frame_626.png,196,326,422,306,Blinking
frame_627.png,196,326,422,306,Blinking
frame_628.png,197,327,422,307,Blinking
frame_629.png,197,327,423,307,Blinking
frame_630.png,198,328,422,308,Blinking
frame_631.png,198,330,422,310,Blinking
frame_632.png,197,329,423,310,Blinking
frame_633.png,197,328,422,309,Blinking
frame_634.png,197,329,422,309,Blinking
frame_635.png,197,328,422,309,Blinking
frame_636.png,197,329,422,309,Blinking
frame_637.png,199,331,423,310,Blinking
frame_638.png,200,330,425,311,Blinking
frame_639.png,200,330,425,309,Blinking
frame_640.png,199,331,425,311,Blinking
frame_641.png,200,331,424,311,Blinking
frame_642.png,200,330,425,310,Blinking
frame_643.png,200,331,425,310,Blinking
frame_644.png,200,331,425,311,Blinking
frame_645.png,200,331,424,312,Blinking
frame_646.png,200,332,425,311,Blinking
frame_647.png,200,331,425,311,Blinking
frame_648.png,201,330,425,310,Blinking
frame_649.png,200,328,425,309,Blinking
frame_650.png,199,330,424,309,Blinking
frame_651.png,198,328,424,308,Blinking
frame_652.png,199,329,424,309,Blinking
frame_653.png,199,328,425,309,Blinking
frame_654.png,198,328,424,308,Blinking
frame_655.png,199,330,424,309,Blinking
frame_656.png,198,328,424,308,Blinking
frame_657.png,196,327,420,308,Blinking
frame_658.png,194,327,418,307,Blinking
frame_659.png,194,326,419,307,Blinking
frame_660.png,195,326,419,306,Blinking
frame_661.png,195,326,419,306,Blinking
frame_662.png,193,326,419,306,Blinking
frame_663.png,194,325,419,305,Blinking
frame_664.png,194,325,420,305,Blinking
frame_665.png,195,324,420,304,Blinking
frame_666.png,194,323,420,304,Blinking
frame_667.png,195,323,420,304,Blinking
frame_668.png,195,323,420,304,Blinking
frame_669.png,194,322,420,303,Blinking
frame_670.png,195,324,420,304,Blinking
frame_671.png,194,322,421,303,Blinking
frame_672.png,195,323,420,304,Blinking
frame_673.png,194,323,421,305,Blinking
frame_674.png,195,324,420,305,Blinking
frame_675.png,195,322,420,304,Blinking
frame_676.png,194,323,420,304,Blinking
frame_677.png,195,323,420,303,Blinking
frame_678.png,195,323,420,304,Blinking
frame_679.png,194,323,420,304,Blinking
frame_680.png,196,327,420,306,Blinking
frame_681.png,194,326,420,307,Blinking
frame_682.png,195,324,420,306,Blinking
frame_683.png,196,326,421,306,Blinking
frame_684.png,196,326,421,307,Blinking
frame_685.png,196,327,421,307,Blinking
frame_686.png,196,327,421,308,Blinking
frame_687.png,195,326,421,307,Blinking
frame_688.png,196,327,421,307,Blinking
frame_689.png,196,328,421,308,Blinking
frame_690.png,196,328,420,308,Blinking
frame_691.png,195,329,420,310,Blinking
frame_692.png,195,329,421,310,Blinking
frame_693.png,195,329,420,310,Blinking
frame_694.png,195,330,420,310,Blinking
frame_695.png,197,332,420,311,Blinking
frame_696.png,195,331,420,311,Blinking
frame_697.png,195,331,419,311,Blinking
frame_698.png,194,330,420,311,Blinking
frame_699.png,194,331,419,311,Blinking
frame_700.png,195,331,419,311,Blinking
frame_701.png,195,332,419,311,Blinking
frame_702.png,194,331,419,312,Blinking
frame_703.png,194,332,419,312,Blinking
frame_704.png,193,331,419,311,Blinking
frame_705.png,194,331,419,312,Blinking
frame_706.png,194,331,419,312,Blinking
frame_707.png,193,331,419,312,Blinking
frame_708.png,193,331,419,312,Blinking
frame_709.png,194,332,419,312,Blinking
frame_710.png,194,331,419,312,Blinking
frame_711.png,192,330,418,311,Blinking
frame_712.png,193,329,418,311,Blinking
frame_713.png,193,330,418,311,Blinking
frame_714.png,194,332,418,310,Blinking
frame_715.png,193,330,418,310,Blinking
frame_716.png,193,330,419,310,Blinking
frame_717.png,192,330,418,310,Blinking
frame_718.png,192,330,418,310,Blinking
frame_719.png,193,330,418,309,Blinking
frame_720.png,192,329,418,309,Blinking
frame_721.png,193,327,418,308,Blinking
frame_722.png,192,327,417,307,Blinking
frame_723.png,192,327,418,307,Blinking
frame_724.png,192,327,418,306,Blinking
frame_725.png,192,325,418,305,Blinking
frame_726.png,192,325,418,305,Blinking
frame_727.png,192,325,418,306,Blinking
frame_728.png,193,326,418,305,Blinking
frame_729.png,192,325,419,305,Blinking
frame_730.png,193,325,419,306,Blinking
frame_731.png,193,325,419,306,Blinking
frame_732.png,193,327,419,306,Blinking
frame_733.png,194,327,419,307,Blinking
frame_734.png,193,326,420,306,Blinking
frame_735.png,194,326,419,305,Blinking
frame_736.png,195,325,420,305,Blinking
frame_737.png,195,326,420,305,Blinking
frame_738.png,196,326,421,306,Blinking
frame_739.png,195,326,421,306,Blinking
frame_740.png,196,328,421,308,Blinking
frame_741.png,196,328,422,308,Blinking
frame_742.png,196,328,422,308,Blinking
frame_743.png,196,329,421,309,Blinking
frame_744.png,195,329,421,309,Blinking
frame_745.png,196,331,421,309,Blinking
frame_746.png,196,331,421,310,Blinking
frame_747.png,195,332,420,311,Blinking
frame_748.png,196,332,420,312,Blinking
frame_749.png,196,332,420,311,Blinking
frame_750.png,195,332,420,311,Blinking
frame_751.png,196,333,421,312,Blinking
frame_752.png,196,335,421,314,Blinking
frame_753.png,196,336,421,314,Blinking
frame_754.png,196,335,421,315,Blinking
frame_755.png,196,335,421,314,Blinking
frame_756.png,195,335,420,314,Blinking
frame_757.png,196,335,420,315,Blinking
frame_758.png,195,335,420,314,Blinking
frame_759.png,196,336,420,315,Blinking
frame_760.png,196,335,420,315,Blinking
frame_761.png,196,335,420,315,Blinking
frame_762.png,196,335,420,314,Blinking
frame_763.png,196,337,420,314,Blinking
frame_764.png,208,340,418,319,Blinking
frame_765.png,209,343,400,324,Blinking
frame_766.png,197,339,417,319,Blinking
frame_767.png,197,337,419,316,Blinking
frame_768.png,196,336,419,315,Blinking
frame_769.png,196,336,419,315,Blinking
frame_770.png,196,335,420,314,Blinking
frame_771.png,196,335,420,315,Blinking
frame_772.png,196,335,420,314,Blinking
frame_773.png,197,336,421,316,Blinking
frame_774.png,197,337,421,316,Blinking
frame_775.png,196,336,420,316,Blinking
frame_776.png,196,336,420,315,Blinking
frame_777.png,197,336,421,315,Blinking
frame_778.png,197,335,421,314,Blinking
frame_779.png,196,332,421,312,Blinking
frame_780.png,196,332,420,312,Blinking
frame_781.png,196,333,420,312,Blinking
frame_782.png,196,333,420,312,Blinking
frame_783.png,195,332,419,311,Blinking
frame_784.png,195,331,419,312,Blinking
frame_785.png,195,331,419,311,Blinking
frame_786.png,195,331,419,310,Blinking
frame_787.png,194,329,418,308,Blinking
frame_788.png,193,326,417,306,Blinking
frame_789.png,193,324,418,304,Blinking
frame_790.png,193,324,418,304,Blinking
frame_791.png,193,324,418,304,Blinking
frame_792.png,193,324,419,304,Blinking
frame_793.png,193,324,418,303,Blinking
frame_794.png,193,323,418,303,Blinking
frame_795.png,193,322,418,303,Blinking
frame_796.png,194,323,419,303,Blinking
frame_797.png,194,323,418,303,Blinking
frame_798.png,193,324,419,303,Blinking
frame_799.png,194,324,419,304,Blinking
frame_800.png,194,325,419,305,Blinking
frame_801.png,195,326,419,305,Blinking
frame_802.png,194,326,419,306,Blinking
frame_803.png,195,328,419,307,Blinking
frame_804.png,195,329,420,308,Blinking
frame_805.png,196,328,420,309,Blinking
frame_806.png,196,330,420,309,Blinking
frame_807.png,195,328,420,309,Blinking
frame_808.png,195,329,419,309,Blinking
frame_809.png,194,331,419,310,Blinking
frame_810.png,196,332,420,311,Blinking
frame_811.png,196,332,420,311,Blinking
frame_812.png,196,333,420,312,Blinking
frame_813.png,196,333,420,313,Blinking
frame_814.png,196,334,421,313,Blinking
frame_815.png,197,335,421,314,Blinking
frame_816.png,196,334,420,313,Blinking
frame_817.png,196,334,420,315,Blinking
frame_818.png,196,334,420,314,Blinking
frame_819.png,196,334,420,314,Blinking
frame_820.png,197,335,421,314,Blinking
frame_821.png,199,336,423,315,Blinking
frame_822.png,199,336,423,315,Blinking
frame_823.png,199,336,423,315,Blinking
frame_824.png,199,337,423,315,Blinking
frame_825.png,199,336,423,315,Blinking
frame_826.png,199,334,424,314,Blinking
frame_827.png,198,335,424,314,Blinking
frame_828.png,199,336,424,315,Blinking
frame_829.png,200,336,424,315,Blinking
frame_830.png,198,335,424,314,Blinking
frame_831.png,199,336,423,315,Blinking
frame_832.png,199,336,423,316,Blinking
frame_833.png,197,337,420,315,Blinking
frame_834.png,196,335,420,315,Blinking
frame_835.png,196,336,420,316,Blinking
frame_836.png,196,336,420,315,Blinking
frame_837.png,196,336,421,316,Blinking
frame_838.png,196,336,421,315,Blinking
frame_839.png,196,337,421,314,Blinking
frame_840.png,197,337,421,315,Blinking
frame_841.png,196,335,420,314,Blinking
frame_842.png,197,336,421,314,Blinking
frame_843.png,196,335,421,314,Blinking
frame_844.png,196,333,421,313,Blinking
frame_845.png,196,331,421,311,Blinking
frame_846.png,196,331,421,310,Blinking
frame_847.png,196,331,421,311,Blinking
frame_848.png,196,331,421,311,Blinking
frame_849.png,196,331,421,310,Blinking
frame_850.png,196,329,421,309,Blinking
frame_851.png,194,329,421,308,Blinking
frame_852.png,196,329,421,309,Blinking
frame_853.png,195,329,422,309,Blinking
frame_854.png,196,328,421,308,Blinking
frame_855.png,195,328,422,307,Blinking
frame_856.png,196,328,422,307,Blinking
frame_857.png,197,328,422,306,Blinking
frame_858.png,195,327,421,306,Blinking
frame_859.png,196,326,421,306,Blinking
frame_860.png,196,326,422,305,Blinking
frame_861.png,196,326,422,305,Blinking
frame_862.png,197,326,422,305,Blinking
frame_863.png,197,325,423,305,Blinking
frame_864.png,199,328,423,307,Blinking
frame_865.png,198,328,423,307,Blinking
frame_866.png,199,328,424,308,Blinking
frame_867.png,200,329,424,308,Blinking
frame_868.png,198,328,423,308,Blinking
frame_869.png,198,330,423,309,Blinking
frame_870.png,199,331,423,309,Blinking
frame_871.png,198,330,423,309,Blinking
frame_872.png,198,330,423,310,Blinking
frame_873.png,198,330,423,311,Blinking
frame_874.png,198,331,423,311,Blinking
frame_875.png,198,331,423,311,Blinking
frame_876.png,199,330,422,310,Blinking
frame_877.png,197,331,422,311,Blinking
frame_878.png,198,330,422,310,Blinking
frame_879.png,198,332,422,310,Blinking
frame_880.png,199,332,423,311,Blinking
frame_881.png,199,334,423,312,Blinking
frame_882.png,198,333,423,312,Blinking
frame_883.png,199,332,424,312,Blinking
frame_884.png,199,333,424,312,Blinking
frame_885.png,200,333,424,312,Blinking
frame_886.png,200,333,425,312,Blinking
frame_887.png,200,335,425,313,Blinking
frame_888.png,199,334,425,314,Blinking
frame_889.png,200,334,425,314,Blinking
frame_890.png,200,334,424,314,Blinking
frame_891.png,202,337,425,315,Blinking
frame_892.png,210,344,403,325,Blinking
frame_893.png,211,344,403,324,Blinking
frame_894.png,211,343,404,323,Blinking
frame_895.png,200,340,421,319,Blinking
frame_896.png,199,339,422,317,Blinking
frame_897.png,198,337,422,316,Blinking
frame_898.png,198,337,422,316,Blinking
frame_899.png,198,334,423,314,Blinking
frame_900.png,199,336,423,315,Blinking
frame_901.png,204,340,427,317,Blinking
frame_902.png,205,339,429,319,Blinking
frame_903.png,203,341,427,320,Blinking
frame_904.png,202,341,426,321,Blinking
frame_905.png,202,341,426,320,Blinking
frame_906.png,201,339,426,318,Blinking
frame_907.png,202,340,426,318,Blinking
frame_908.png,201,339,426,318,Blinking
frame_909.png,200,336,425,315,Blinking
frame_910.png,200,335,425,315,Blinking
frame_911.png,200,338,425,316,Blinking
frame_912.png,200,338,425,317,Blinking
frame_913.png,200,335,425,315,Blinking
frame_914.png,200,336,425,314,Blinking
frame_915.png,199,335,425,315,Blinking
frame_916.png,199,336,425,315,Blinking
frame_917.png,199,336,425,316,Blinking
frame_918.png,199,335,425,315,Blinking
frame_919.png,199,336,425,315,Blinking
frame_920.png,199,335,424,315,Blinking
frame_921.png,199,335,424,314,Blinking
frame_922.png,200,334,425,314,Blinking
frame_923.png,200,333,425,313,Blinking
frame_924.png,197,333,422,313,Blinking
frame_925.png,196,335,421,314,Blinking
frame_926.png,196,334,421,313,Blinking
frame_927.png,196,334,422,314,Blinking
frame_928.png,196,332,421,313,Blinking
frame_929.png,196,333,421,313,Blinking
frame_930.png,196,335,421,314,Blinking
frame_931.png,197,334,422,314,Blinking
frame_932.png,197,334,422,314,Blinking
frame_933.png,198,337,423,315,Blinking
frame_934.png,198,337,422,315,Blinking
frame_935.png,197,336,423,315,Blinking
frame_936.png,197,336,422,314,Blinking
frame_937.png,198,337,423,316,Blinking
frame_938.png,198,338,422,318,Blinking
frame_939.png,196,343,421,323,Blinking
frame_940.png,196,342,420,323,Blinking
frame_941.png,196,338,420,318,Blinking
frame_942.png,196,336,422,315,Blinking
frame_943.png,195,337,420,316,Blinking
frame_944.png,195,339,420,319,Blinking
frame_945.png,196,339,421,318,Blinking
frame_946.png,196,338,421,317,Blinking
